Year,Rank_Asia,School_Name,Overall,Academic Reputation,Employer Reputation ,Faculty Student,Papers per Faculty,Citations per Faculty ,International  Faculty,International Students,Faculty Staff with PhD,International Research Network,Inbound Exchange,Outbound Exchange,total students,international students,Total faculty staff,International Faculty staff,Domestic staff
2022,1,National University of Singapore (NUS),100,100,99.9,93.7,58.6,99.9,100,97.5,87.3,100,97.9,95.2,30312,7551,4288,2804,1484
2022,2,Peking University,99.5,100,100,96.8,72,97.3,97.3,82.2,88.6,97.6,70.9,100,31990,5436,5302,1207,4095
2022,3,"Nanyang Technological University, Singapore (NTU)",98.7,99.4,98.3,97.3,61,100,100,97.3,59.5,99.9,100,100,24651,6091,3812,2589,1223
2022,3,The University of Hong Kong,98.7,100,94.1,95.5,45.7,97.8,100,100,96.4,99.3,100,100,19986,8311,2944,2054,890
2022,5,Tsinghua University,98.3,100,100,97.7,82.1,97.5,77.6,68.9,99.7,94.6,51.3,68.4,39371,5420,6174,430,5744
2022,6,Zhejiang University,97.8,93.7,99.1,96.7,75.9,82,100,95.6,100,97.9,100,100,39936,9177,6065,2602,3463
2022,7,Fudan University,97.4,98.4,99.1,98.1,55.5,96.2,100,87.5,67.9,92.5,100,99,28454,5322,4526,1683,2843
2022,8,Universiti Malaya (UM),94.9,94,98.6,86,46.3,86.6,96.9,85.4,89.2,100,100,99.8,18559,3340,2386,526,1860
2022,9,The Hong Kong University of Science and Technology,94.2,98.2,87.3,81,66.4,100,100,99.8,91.9,78.4,100,100,9583,3033,1173,893,280
2022,10,Shanghai Jiao Tong University,93.9,97.8,98.7,71.8,95.1,70.7,75,76.2,83.7,97.4,98,90.4,38740,6371,4386,491,3895
2022,11,The Chinese University of Hong Kong (CUHK),93.6,99.1,84.3,79,53.7,99.8,100,99.9,77.8,92.3,100,98.2,18297,6062,2201,1164,1037
2022,11,The University of Tokyo,93.6,100,100,98.4,80.1,70.9,32.8,71.8,88.3,99.8,40.6,50.8,27704,3983,4473,301,4172
2022,13,Korea University,93.1,95.3,98.9,97.4,31.6,84.1,41.2,79.2,94.1,95.5,95.2,80.7,26014,3325,4026,326,3700
2022,14,KAIST - Korea Advanced Institute of Science & Technology,93,98.8,97.1,87.8,93.8,92.6,61.2,41.7,100,68.4,87.3,52,9965,869,1307,149,1158
2022,15,Kyoto University,92.1,100,99.9,99.4,64,70.3,47.9,63.5,96.1,99.7,35.1,6.9,22608,2863,3911,359,3552
2022,16,Yonsei University,91.1,93,99.1,97.4,38.8,73.7,55.7,86.5,98.3,80.2,99.8,83.9,23269,4274,3605,391,3214
2022,17,Sungkyunkwan University (SKKU),91,88.8,92.5,95.5,39.9,93.1,56.5,82.2,100,83,100,99.3,22482,3821,3313,351,2962
2022,18,Seoul National University,90.9,100,99.8,94.6,72.6,78.9,38.8,33,79,96.6,35.3,15.4,26646,1914,3859,298,3561
2022,19,National Taiwan University (NTU),90.8,99.6,98.3,55.4,59.7,76.2,55.5,81.7,89.1,96.1,83.1,90.6,29467,5058,2939,306,2633
2022,20,City University of Hong Kong,89.2,87.5,62.2,97.4,72.6,99.8,100,100,96.6,90.8,100,100,9564,5331,1483,1186,297
2022,21,Tokyo Institute of Technology (Tokyo Tech),88.8,95.3,99,96.5,85.5,42.6,74.7,78,78,89.2,69.4,28.1,9878,1622,1492,209,1283
2022,22,Osaka University,87.6,97.3,96.3,91.9,63.9,37.3,58.3,49.1,84.9,98.7,51.2,72.3,22618,2268,3127,341,2786
2022,23,Tohoku University,87.3,94,93.8,99.9,60.1,39.8,35.7,52.2,92.2,94.9,56.4,99.1,17717,1872,3323,240,3083
2022,24,Hanyang University,86.3,75.9,94,92.5,31.9,82.2,62.7,75.6,90.3,96.3,99.1,99.8,22662,3455,3164,369,2795
2022,25,The Hong Kong Polytechnic University,85.1,91.1,72.9,92,43.5,99.1,100,99.2,3.6,95.6,89.3,75.9,20387,5774,2822,1628,1194
2022,26,Pohang University of Science And Technology (POSTECH),83.6,75,88.2,100,90.7,99.4,81.1,11.2,100,38.5,96.2,98.1,3096,87,743,115,628
2022,27,Universiti Putra Malaysia (UPM),81.4,79,84,88.4,41.2,23.5,93.5,99.6,100,99.4,100,100,16462,5040,2174,433,1741
2022,28,Nagoya University,79.7,87.3,80.1,98.3,56.3,38.8,45.8,59.9,92,92.3,49.3,16.4,15676,1879,2512,222,2290
2022,29,Kyushu University,78.7,85.2,86.6,95.9,53.5,29.4,41.3,57,87.3,92.6,32.4,34.3,18566,2125,2761,224,2537
2022,30,Hokkaido University,78.3,84.2,83.8,92,53,33.7,60,55.1,96,98.2,25,6.5,17887,1984,2476,277,2199
2022,31,University of Science and Technology of China,77.8,82.3,40.5,96.4,94.2,99.4,60.8,24.9,72.6,89.1,32.6,95.4,17922,1019,2708,307,2401
2022,32,Nanjing University,77.3,87.6,46.4,41.5,79.9,98.7,98.4,34,64.3,96.4,97.3,92.4,34148,2513,3040,739,2301
2022,33,Universiti Kebangsaan Malaysia (UKM),76.8,82.6,86,99.1,26.4,9.4,84.7,76,33.6,99.2,84,86,16873,2410,2829,466,2363
2022,34,National Tsing Hua University,76.1,81.1,86,52.2,56.8,71.8,56.5,59.6,93.7,76.3,32,22.5,13001,1551,1265,134,1131
2022,35,Universiti Sains Malaysia (USM),74.6,82.8,88.3,79.8,37.2,16.6,78.7,91.9,47.8,99.7,45.5,6.8,18764,4198,2249,335,1914
2022,36,Chulalongkorn University,72.4,91.6,90.7,49.3,13.4,21.7,26.9,11.4,78.2,95.1,44.8,35.7,34509,985,3354,192,3162
2022,37,Wuhan University,72.3,69.6,77.5,20.6,71.5,81.2,89.9,30.7,77.3,94.4,37.4,93.3,54421,3682,3828,698,3130
2022,38,Universiti Teknologi Malaysia,72.2,67.8,81.8,63.3,64.8,30.9,53.4,96.5,73.5,99.7,83.3,29.3,20354,4956,1869,184,1685
2022,39,Kyung Hee University,71.4,53.1,64.5,95.5,20.7,65.6,40.4,89.7,99.2,96.6,99.9,99.8,23296,4715,3435,274,3161
2022,40,Waseda University,71.3,88.1,99.5,41,12.2,15.9,74.4,81.1,3.3,85.3,58,82.5,43254,7209,3833,534,3299
2022,41,National Cheng Kung University (NCKU),71.2,74.8,87.6,59.1,40.8,39.1,56.4,65.9,85.4,65.4,54.7,63.3,20215,2656,2079,220,1859
2022,42,Indian Institute of Technology Bombay (IITB),71,81.4,96,44.7,84.2,23,11,4.4,100,78.5,14.5,8.3,11097,116,1015,27,988
2022,43,Mahidol University,70.2,72.7,75.8,90.3,11.1,28.6,23.1,21.2,98.6,86.2,98.2,46.3,28477,1415,3850,195,3655
2022,44,Sun Yat-sen University,70,66.2,56.5,78.3,32.9,91.5,21.3,23.1,99.3,97.1,14.7,60.1,58586,3127,7002,331,6671
2022,45,Indian Institute of Technology Delhi (IITD),69.6,76.5,92.4,46.6,89.6,31.3,4.9,4.6,84.1,86.9,2.9,7.8,9064,100,843,10,833
2022,46,Keio University,68,80.5,98.3,79.2,14.9,23.6,35.4,44.8,1,65.9,53.5,28.8,33442,3101,4028,288,3740
2022,47,National Yang Ming Chiao Tung University,66.9,62.1,89.4,69.8,57.2,30,56.1,51.3,78,65.5,37.1,43.9,16834,1475,2112,203,1909
2022,48,Tongji University,63.6,65.2,26.3,38.6,87.5,63.8,99.7,78.5,67.2,90.2,99.7,100,30628,5095,2785,685,2100
2022,49,University of Tsukuba,62.9,65,39.2,84.1,41.1,26.5,49,71.7,88.3,97.1,49.6,73.8,16431,2358,2073,194,1879
2022,50,National Taiwan University of Science and Technology (Taiwan Tech),61,52.1,57.1,72.7,41.4,58.7,74.9,83.7,34.1,63.4,98.5,82.1,8811,1537,1005,141,864
2022,51,Beijing Normal University,60.1,68.8,21.9,40.9,60.2,83.8,40,69.5,97.2,86.4,11.2,35,23688,3288,2098,115,1983
2022,52,Xi¡¦an Jiaotong University,60,48.1,71.7,34.9,84.4,63,15.9,21.8,42.7,93.4,17.2,86.8,44568,2266,3729,199,3530
2022,53,Taylor's University,59,38.1,87,86.2,12.4,42.6,94.9,99.9,1.2,51.6,77.1,99.5,4231,1704,578,120,458
2022,54,Indian Institute of Technology Madras (IITM),58.8,66,77.8,44.4,90.1,18.8,5.7,4.1,100,44.1,21.1,10.7,9688,94,884,12,872
2022,55,Huazhong University of Science and Technology,58.2,44.9,61.7,17.4,80.1,85.4,19.7,19.5,85.2,95.9,15.2,33.7,60253,2796,4014,171,3843
2022,56,Indian Institute of Science,58.1,63.7,42.8,64.8,100,55.7,5.5,1.4,100,61.4,,,4161,5,446,6,440
2022,56,Universitas Indonesia,58.1,74.5,80.6,54.8,10.6,1.1,99.8,13.4,1.4,35.5,98.6,99.8,42416,1412,4210,1166,3044
2022,58,Ewha Womans University,58,47.9,44.3,93.1,12.9,81.4,23.3,64.5,97.8,38.1,76.7,72.7,17273,2105,2436,124,2312
2022,59,Gadjah Mada University,57.3,76.4,74.3,82.5,5.8,1.2,85.5,7.6,1,29.2,81.9,57.1,38089,738,4728,790,3938
2022,60,Indian Institute of Technology Kharagpur (IIT-KGP),56,55.4,68.7,18.8,97.1,35.7,10.7,1.7,100,77.3,1.6,10.1,11889,27,770,20,750
2022,61,National Taiwan Normal University,55.2,61.1,33.9,87.8,13.5,41.8,39.3,73.9,55.8,46.6,91.9,76.8,10468,1499,1374,107,1267
2022,62,Renmin (People's) University of China,54.2,47.7,73,27.8,9.4,90.2,25.3,12.2,92.3,39.2,13.7,51.7,27756,786,2150,117,2033
2022,63,Harbin Institute of Technology,54,49.6,24.5,64.1,94.8,62.9,28.6,31.8,65.7,87.5,15.1,37.9,30139,2102,3215,194,3021
2022,64,Indian Institute of Technology Kanpur (IITK),53.1,58.3,71.2,26.8,94.9,33.5,7.4,2.2,100,29.5,9.8,9.4,7198,29,551,10,541
2022,64,Kobe University,53.1,53.7,62.5,81,27.1,17.8,25.2,36.5,22.4,74.6,37.3,12.6,15563,1216,1986,108,1878
2022,66,Hong Kong Baptist University,53,40.4,33.1,66.2,30.6,97.5,100,100,28,34.2,91.5,93.1,8440,4704,980,367,613
2022,67,Bandung Institute of Technology (ITB),52.5,72,73.9,75.3,17.2,1.2,81.3,11.3,15.2,22.2,3.1,12.5,19120,613,2228,346,1882
2022,68,National Sun Yat-sen University,52.3,51.8,44.1,47.5,57.1,32.3,64.2,45.4,100,44.9,73.2,45.3,7846,757,735,89,646
2022,69,Chung-Ang University (CAU),52.2,35.1,55.4,87.8,16.2,40.4,43.9,76,91.4,27.5,94.8,95.3,20192,3099,2650,226,2424
2022,69,Universiti Brunei Darussalam (UBD),52.2,38.1,30.2,99.6,18.1,23.2,100,96.3,85.8,55,100,100,2686,635,475,266,209
2022,71,Tianjin University,51.8,42.2,12.4,45.3,84.4,79.8,34,36.7,62,82.2,99.9,97.9,27355,3425,3147,218,2929
2022,72,Universiti Teknologi PETRONAS (UTP),51.6,33.9,56.9,39.3,78.1,15.7,99.8,63.8,48.3,80,93.6,79.4,5021,639,438,128,310
2022,73,Xiamen University,51.4,52,21.8,32.3,44,96.9,19.2,15.5,48.1,83.3,89.1,24,38121,1443,3106,135,2971
2022,74,National University of Sciences And Technology (NUST) Islamabad,51.3,39.7,84.9,91.2,18.7,25.6,7.8,20.3,1,68.6,2.4,12.2,11737,563,1608,31,1577
2022,75,Nankai University,51.2,47.7,14.1,46.8,42.1,99.9,49.3,20.7,96.4,81.3,3.3,26.3,30568,1488,2846,268,2578
2022,76,National Taipei University of Technology,50.9,31.3,72.4,45.2,53.1,34.2,67.1,67.1,100,23.4,89.2,67.7,7772,1040,714,89,625
2022,77,Shandong University,50,33.9,49.8,28.4,78.7,63,31.7,15.3,71.4,87.7,34.5,22.9,43644,1637,3406,223,3183
2022,77,UCSI University,50,31.5,71.7,82.2,5.4,60.4,96.7,98.6,1,25.6,82.1,15.1,5954,1597,744,210,534
2022,77,University of Delhi,50,65,63,5.8,57,17.5,3.1,5.2,41.6,85.7,2.5,1.2,25235,322,1171,8,1163
2022,77,University of the Philippines,50,63.3,72.1,64.3,4.2,5.6,4.1,3.2,1,71.3,4.9,3.1,41961,292,4480,43,4437
2022,81,East China Normal University,49.7,33.3,9.8,41.2,32.1,90.8,97.1,66.6,64.6,91.2,100,90.3,27826,3697,2471,508,1963
2022,81,Sejong University,49.7,27,40.9,23.9,33.4,95.5,70.7,61.7,81.3,80,50.3,54.8,12457,1536,919,121,798
2022,83,Hiroshima University,49.2,47.1,30.6,97.5,25.5,22.3,40.2,54.8,42.4,90,12.5,5.8,15220,1680,2366,188,2178
2022,84,Shanghai University,49.1,49.4,22.9,66.7,27.7,51,95.1,25.2,57.4,71.3,23.6,46.9,38213,2195,4156,870,3286
2022,85,University of Chinese Academy of Sciences (UCAS),48.9,48.8,8.5,4.6,100,82.4,76.3,9.2,100,99.8,,,45129,1052,1936,278,1658
2022,86,Sogang University,48.5,40,68.3,62.9,16.1,39.7,28.6,71.4,47.9,8.9,91.7,77.7,9625,1429,1017,61,956
2022,87,National Central University,48.2,43.8,42.8,42,44.9,37.5,45.1,52,95.9,63.9,32.8,7,11021,1098,985,86,899
2022,88,Chiang Mai University,48.1,59.5,57.8,22.8,12,5.7,12.7,16.1,64.4,87.1,23.9,9.7,33836,1325,2510,76,2434
2022,89,Jilin University,48,31.9,58.8,59.9,31.6,70.7,43.3,9,26.5,71.6,21.3,,68551,1570,7078,597,6481
2022,90,National Chengchi University,47.1,41.9,58.8,46.9,6.6,16.3,50.5,88.1,90.6,15.3,99.4,97.4,9840,1866,917,88,829
2022,91,Quaid-i-Azam University,46.8,34.3,57.3,2,95.2,85.7,8.1,3.4,5.4,91.4,2.4,3.1,15094,115,452,9,443
2022,91,Southern University of Science and Technology,46.8,12.9,4,99.9,44.7,96,91.9,6.8,100,70.7,96.9,68.1,5097,88,984,188,796
2022,93,Kyungpook National University,46.2,31.4,39.5,81,26.1,38.9,24.3,36,67.2,64.2,41,63.3,21088,1712,2711,143,2568
2022,94,Ulsan National Institute of Science and Technology (UNIST),46,24.8,17.3,89.9,85.7,100,94.5,44.5,100,16.4,2.5,1.5,3849,355,518,100,418
2022,95,Taipei Medical University (TMU),45.8,23.8,29.5,98.8,25.9,49.2,52.5,52.7,98.3,25.1,100,100,5755,614,999,99,900
2022,96,Gwangju Institute of Science and Technology (GIST),45.7,31.2,16.4,49.7,100,79.1,49.5,29,100,41.3,96.7,,1887,122,180,17,163
2022,96,University of Macau,45.7,25.8,18,25.4,62.5,89,100,100,74.7,80.9,24.6,27.2,10340,3921,778,618,160
2022,98,Universiti Utara Malaysia (UUM),45.1,37.1,48.4,58.6,25.3,4.4,53.7,98.1,69.9,42.5,98.7,42.4,12452,3219,1273,129,1144
2022,99,Beijing Institute of Technology,45,45.4,36,41.2,74.2,50.3,14,30.2,29,46.5,25,73.5,31656,2115,2811,67,2744
2022,100,Hitotsubashi University,44.3,36.8,95.5,43.6,7.5,4.8,63.7,63.7,7.4,5.8,75.9,52.7,6303,802,571,68,503
2022,101,HUFS - Hankuk (Korea) University of Foreign Studies,44.1,27.7,50,91.9,3.1,5.8,79,83,85.3,9.8,100,100,17022,2933,2353,352,2001
2022,102,Jeonbuk National University,43.9,29.8,24.7,76.8,19.9,55.2,31.6,31.4,67.2,58.5,65.6,71.5,19880,1371,2345,153,2192
2022,103,Sichuan University,43.6,39,12.8,26.2,81.5,64.1,43.6,23.8,73,79.7,16.1,37.1,49543,2714,3173,133,3040
2022,104,Pusan National University,43.5,41.4,37,40,36,34.2,27.5,29.1,81.3,60.5,22.1,32.9,25187,1630,2211,129,2082
2022,105,Dongguk University,43.3,23.2,24,94.1,11.2,59.7,35.6,63.6,37.2,52.6,80.4,98.4,18605,2270,2668,192,2476
2022,105,Universiti Teknologi MARA - UiTM,43.3,48.5,76.2,18.1,13.3,1.7,5.2,4.3,1,84.9,17.1,5.9,58663,600,3958,50,3908
2022,107,Jawaharlal Nehru University,43.2,56.5,26.4,53.2,43.6,27.3,11.2,100,36.7,6.1,2.6,,8523,240,565,0,565
2022,107,Singapore Management University,43.2,27.7,41.9,20.5,19.1,99.7,100,95.9,16.4,12.9,100,100,8407,2040,590,348,242
2022,109,Indian Institute of Technology Roorkee (IITR),28,14.8,19.3,10.3,88.8,1,2.6,1,,,,,8373,202,499,0,499
2022,110,Airlangga University,42.6,52.1,72.6,65.3,3.8,1.1,29.8,7.3,1,6,41.2,57.5,26723,495,2983,91,2892
2022,111,Thammasat University,42,48.2,70.8,36.9,5.5,4.7,36.1,5.9,22.2,38.1,37.1,23,28843,422,2460,179,2281
2022,112,Bogor Agricultural University,41.7,41.1,45.7,79.2,5.4,1.3,96.9,12.7,30.2,41.3,46.2,36.6,23558,745,3353,750,2603
2022,113,Southeast University,41.1,28.5,15,46.1,73,57.7,27.2,16.8,63.3,89.1,6.4,29,36827,1500,3409,197,3212
2022,114,Konkuk University,40.3,18.8,28.1,70.5,16.8,60.8,21,43.3,61.3,50.7,68.8,88.1,22946,2065,2571,120,2451
2022,115,Shenzhen University,7.1,2.3,67.6,14.2,4.9,1.7,4.9,1.7,,,,,37323,465,4947,431,4516
2022,116,Beihang University (former BUAA),39.3,33,14.4,35.3,92.9,48.7,26.9,22.5,62.8,63,22.5,34.4,30102,1575,2529,145,2384
2022,116,Lahore University of Management Sciences (LUMS),39.3,31.8,84.8,46.6,11.2,26.7,33,5.2,1.7,21.8,3.4,8.8,4415,57,458,31,427
2022,118,National Chung Hsing University,39,37.1,37.5,35.2,32.6,28.2,28.4,34.9,95,27.3,38.8,38.3,12726,957,1068,64,1004
2022,119,Indian Institute of Technology Guwahati (IITG),38.6,30.8,34.4,13.2,99.1,36.9,2.9,100,56.9,6.8,6.2,,7001,42,410,10,400
2022,120,Inha University,38.4,18.7,31.1,83.9,18.2,56.2,20.4,41.2,6.4,40.2,85.1,92.3,17753,1533,2235,102,2133
2022,121,Sunway University,37.9,18.1,62.8,63.4,10.7,15.8,84.3,72.8,1.1,59.6,3.5,3.9,4648,703,569,500,96
2022,122,South China University of Technology,37.5,28.6,10.4,23.4,81.1,94.1,34,17,26.3,65.1,4.9,18.7,41024,1688,3006,208,2798
2022,123,International Islamic University Malaysia (IIUM),37.1,41.7,40.7,22.6,14.9,1.7,70.3,96.1,4.1,72.3,7.4,5.1,26266,6159,1904,249,1655
2022,124,Ateneo de Manila University,36.9,39.6,69.6,49.1,4.3,2.8,13.7,14,1,24.4,30.1,18.6,10716,372,1017,33,984
2022,125,University of Science and Technology Beijing,36.6,34.2,11.7,16.7,95.9,48.1,10.8,13.5,64.6,60.7,9.6,48.5,24368,818,1605,42,1563
2022,126,Universiti Teknologi Brunei,36.5,28.5,23.8,98.7,14.6,38,100,33.5,13.8,5.8,15,100,1030,75,169,79,90
2022,127,Northwestern Polytechnical University,36.4,13.5,5.2,72.4,57.2,43.1,59.9,19.6,66.9,74.5,55.7,58.5,30622,1423,3483,389,3094
2022,127,Ritsumeikan University,36.4,30.1,83.5,11.9,9.5,8.8,72.7,35.4,7.7,24.7,20.4,29.4,35419,2697,2095,284,1811
2022,129,Universiti Malaysia Pahang,36.3,26.2,22.2,21.4,40,24,77.7,38.9,96.3,62.1,37.2,52.1,8643,711,615,84,531
2022,130,Tokyo Medical and Dental University (TMDU),36.2,26,15,100,31.1,32.1,8.1,53.6,69.3,33.9,20.4,15.2,3002,325,930,19,911
2022,131,Chiba University,36,36.5,18.6,87.8,28.6,16.5,21.9,23.4,37,47.2,14,4.6,13640,736,1790,87,1703
2022,131,"Lingnan University, Hong Kong",36,19.5,21.8,32.1,26.9,35.2,100,97.7,92.3,18.8,100,100,3375,983,274,166,108
2022,133,Khon Kaen University,35.6,35.3,40.2,10.8,12.5,6.7,29.3,14.8,57.5,61.9,69.7,57,32528,1185,1862,114,1748
2022,134,Chonnam National University,35.5,22.8,12.2,61,22.9,57.6,23.5,35.8,74.8,41.1,46.3,59.3,20946,1609,2342,120,2222
2022,135,Tokyo University of Science,35.2,27.3,61.1,14.5,41.4,16.8,34.3,12.3,82.9,28.4,4.1,2.2,18066,555,1136,79,1057
2022,136,University of Seoul,35.1,27,24,43.1,15.9,42.4,10.5,26.8,83.4,22,86.1,86.1,8718,528,787,20,767
2022,137,COMSATS University Islamabad,35,22.1,40.5,15.8,25.5,58.3,5.1,4.9,1.2,99.7,1.5,,34994,417,2264,28,2236
2022,138,Kasetsart University,34.8,48.8,54.3,7.8,6.3,6.3,26.8,4.2,7.5,46.3,11.1,10.4,67633,671,3489,199,3290
2022,139,Ajou University,34.2,24.5,23.7,85.7,25.2,47.9,20.5,47.9,35,19.3,20.2,13.8,9554,1001,1333,61,1272
2022,140,Hunan University,33.8,18.2,17.9,24.2,47.7,99.8,19.4,13.1,62.1,38.8,11.7,26.7,36502,1191,2702,118,2584
2022,141,Nagasaki University,33.7,17,6.1,95.9,19.5,16.9,23.1,21.4,33.3,71.3,82.8,77.1,8768,439,1303,66,1237
2022,142,Ton Duc Thang University,33.4,16.1,18.7,10.3,12,66.5,96.1,5.7,1,99.9,71.9,40.4,26833,378,1512,348,1164
2022,142,University of Dhaka,33.4,39.6,58.4,18.5,4.5,23.8,3.8,1.4,1,38.2,6.4,2.5,33360,48,2268,20,2248
2022,144,Universiti Tenaga Nasional (UNITEN),33.1,18.7,35,50.5,26.9,10.1,38.6,63.9,2.9,45.1,87.8,97.7,4713,652,469,36,433
2022,145,Tokyo University of Agriculture and Technology,33,28.7,16.3,18.7,91.6,11.4,18.1,25.9,99.6,56.5,9.7,17.1,5686,335,388,16,372
2022,145,University of the Punjab,33,31.4,68.6,5.9,17.7,14.6,9.1,3.1,1.1,52.4,1.7,2.8,26525,180,1340,30,1310
2022,147,Management and Science University,32.9,25.6,41.7,54.4,2.6,2.8,96.9,84.3,1,2.8,98.8,99.9,9196,1621,910,204,706
2022,147,University of Ulsan,32.9,15.6,7.2,80.6,36.9,68.7,9,18.5,62.3,41.4,15.5,19.2,12916,571,1576,35,1541
2022,147,"Vietnam National University, Hanoi",32.9,37.1,29.7,20.1,4.1,21.9,12.8,5.3,1.3,83.2,33.2,22,41803,545,2919,72,2847
2022,150,East China University of Science and Technology,32.8,18.8,7.1,23.2,64.4,87.1,6,8.1,78.3,54.1,15.9,9.1,28007,574,2046,30,2016
2022,150,Jinan University (China),32.8,11.8,5.4,12.8,32,70.6,94.1,99.5,53.3,80.5,24.3,37.3,39846,11950,2413,489,1924
2022,152,Soochow University,32.6,15.7,6.5,24.7,42,99.5,24,11.5,9.9,85.7,9.4,29.9,48549,1403,3618,189,3429
2022,153,Kanazawa University,32.3,20.7,9,79.6,30.7,13.9,34.1,24.1,90.7,56,19.4,7.9,10250,567,1239,86,1153
2022,154,Dalian University of Technology,32.1,21.5,7,19.4,74.3,65,36,10.6,76.8,58,1,2.5,42093,1128,2906,211,2695
2022,154,University of Calcutta,32.1,34.2,18.6,7,63.3,8.1,55.1,3.1,89.9,62.1,3.6,,15156,103,773,88,685
2022,156,Beijing Jiaotong University,31.8,25.6,13.4,25.7,54.2,17.6,17.7,43.1,54.1,63.1,9.1,98.6,27932,2504,2111,86,2025
2022,156,National Chung Cheng University,31.8,29.4,30.3,34.9,17.8,12.9,13.2,34.3,83.6,6,89.9,76.2,8483,650,710,22,688
2022,156,University of Hyderabad,31.8,27.2,10.5,37.7,68.3,34.4,5.1,7.6,99.9,44.3,,,5327,103,405,5,400
2022,159,Chongqing University,31.6,18,8.3,19.4,69.5,61.1,12.1,8.6,66.4,76.5,3.2,11.3,40423,880,2791,81,2710
2022,160,De La Salle University,31.5,40.5,57.7,14.7,15.1,2.6,5.2,11.8,1,33.8,7.4,6.9,12070,356,788,10,778
2022,160,Institut Teknologi Sepuluh Nopember (ITS Surabaya),31.5,27.3,47.9,31.1,16,1.1,97.3,17.5,1,9.5,88.6,100,17028,719,1331,305,1026
2022,162,Jadavpur University,31.3,31,13.1,18.7,84.5,14.4,3,40.4,85.8,1.7,,,10533,67,718,0,718
2022,163,Chungnam National University,31.2,25,23.8,55.6,27.9,14.6,25.9,32.3,57.5,45.1,6.8,16.2,19789,1837,1977,110,1867
2022,164,Tokyo Metropolitan University,31.1,28.2,14.9,42.9,38.2,39.7,19.4,27.4,6,62.3,21.3,4.4,9124,562,822,36,786
2022,165,China University of Geosciences,30.8,11.7,2.9,77.9,54.9,53.1,3.5,13,1.1,81.7,10.3,33.3,26798,867,3191,25,3166
2022,166,Lanzhou University,30.6,18.9,4.1,42.4,35.3,89.5,7.2,4.9,2.1,74.8,3.1,5.4,32812,391,2944,52,2892
2022,167,Universiti Malaysia Terengganu (UMT),30.4,22.4,12.6,24,23.3,4,44.3,23.1,79.7,67.7,73,71.9,8644,476,652,56,596
2022,167,Universiti Tunku Abdul Rahman (UTAR),30.4,25.8,58.1,15,9.5,19.6,36.8,7.6,1.1,35.4,30.2,23.5,17672,342,1124,83,1041
2022,169,Yokohama National University,30.3,26.6,36.7,28.9,31.9,10.4,29,41.4,4,49.1,35.7,25.5,9680,839,760,46,714
2022,170,Central South University,30.2,18.9,5.3,7.4,93.2,65.2,25.4,12.2,38.2,67.4,3.1,31.8,54940,1682,2783,152,2631
2022,171,Prince of Songkla University,30,40,31.9,24.5,7.3,10.3,13.4,7.9,16.9,50.8,5.1,5.6,34330,685,2553,81,2472
2022,172,China Agricultural University,29.4,20.4,4.5,32.2,70.5,46.7,11.2,4.9,62.2,61.1,1.3,10.4,20514,245,1669,45,1624
2022,172,Sophia University,29.4,26.5,41.3,28.2,5.9,9.2,84.9,65.1,1,11,78.2,48.4,,,,,
2022,174,Osaka City University,29.2,23.2,17.8,87.8,19.5,21.3,17.6,16.6,9.3,28.3,58.8,3.5,8338,335,1094,44,1050
2022,175,Yeungnam University,29.1,13.5,10.3,20,29,80,68.9,36.6,47.9,33,24.1,62.5,21204,1661,1478,189,1289
2022,176,Nanjing University of Science and Technology,29,11.3,5.9,29.9,64.7,56.5,19.4,13.7,85.8,42.9,24,62,27601,935,2191,96,2095
2022,177,University of Santo Tomas,28.9,27.4,44.7,25.2,2.1,2.1,78.4,29.2,1,3.7,91,100,26511,1723,1990,295,1695
2022,178,Indian Institute of Technology Indore,28.7,11.9,10.1,61.5,98.9,43.2,11.8,1.4,100,10.5,6.6,3.2,1348,2,141,4,137
2022,179,Viet Nam National University Ho Chi Minh City (VNU-HCM),20.7,15.3,12.2,1.6,2.1,1.4,2.1,1.4,,,,,79301,523,4552,169,4383
2022,180,Savitribai Phule Pune University,8.5,5.8,57.8,22,1,3.2,1,3.2,,,,,4427,135,686,1,685
2022,181,Chang Gung University,28.1,13,11.6,86,63.8,38.8,11.7,24.1,27,28.1,1.6,3,6878,381,889,25,864
2022,183,"Institute of Chemical Technology, Mumbai",28,8.6,20.3,11.7,100,73.3,86.5,24.8,,,,,2090,123,,,
2022,183,University of Engineering & Technology (UET) Lahore,28,17.8,63,26.5,9.8,16.5,1.2,21.8,1,35.7,1.2,1.5,13377,681,1020,1,1019
2022,183,Wuhan University of Technology,28,15.7,6.3,19.1,30.8,83.3,11.4,11.4,3.8,81,2.7,10.7,51497,1477,3539,97,3442
2022,186,Jamia Millia Islamia,27.9,16.4,9.4,66.2,20.7,44.2,10.6,12,63,35.8,15.7,14.1,8623,259,935,24,911
2022,187,Kumamoto University,27.8,19.1,6.9,86.6,25.1,17.8,17.2,14.9,15,48.6,60.5,3.1,9785,359,1267,50,1217
2022,188,Jiangsu University,27.4,7.6,4.1,87.1,20.5,65.8,19.6,32.6,1.3,53.4,1.5,10.8,33792,2405,4397,194,4203
2022,189,Multimedia University (MMU),27.3,18.9,38.9,21.8,16.4,14.6,42.6,54.8,1.4,17.7,100,65,8879,943,636,53,583
2022,189,Okayama University,27.3,20.3,10,86.6,25.3,18.2,20,27.6,1,52.7,,,,813,1697,69,1628
2022,189,Pakistan Institute of Engineering and Applied Sciences (PIEAS),27.3,14.7,18.2,98.2,53.5,34.5,14,14.5,6.8,,,,1129,180,,,
2022,192,Universitas Padjadjaran,26.7,30.3,40,44.6,4.2,1.1,51.6,4.1,1,16.9,15.5,12.2,32529,314,3116,368,2748
2022,193,The Catholic University of Korea,26.6,13.3,6.6,99.8,22.7,33.2,5.7,16.8,84.7,8,6.1,6.2,9091,370,1668,23,1645
2022,194,"Birla Institute of Technology and Science, Pilani",26.5,18.2,31.4,9.3,39.6,23.5,2.5,8,91.2,32,1.2,18.9,14216,289,776,4,772
2022,194,"Manipal Academy of Higher Education, Manipal, Karnataka, India",26.5,20.1,21.3,69.2,11.8,3.3,3.1,22.2,1.3,58.1,4.5,32.2,23718,1225,2632,18,2614
2022,196,King Mongkut's University of Technology Thonburi,26.4,30.6,31.6,20,15.1,20.8,28.4,9,21.1,27.3,8,6,14152,322,986,59,927
2022,197,University of Peshawar,26.1,15.2,17.9,55.7,23,45.4,7.9,56,,,,,6063,121,606,0,606
2022,198,Vellore Institute of Technology (VIT),25.8,20.8,21,11.2,48.3,8.4,39,9.3,17.4,77.9,1.7,5.3,35783,848,2072,198,1874
2022,199,Beijing University of Chemical Technology,25.7,14.6,3.9,42.6,59.5,99.2,1,23.9,,,,,336,1608,,,
2022,199,Jiangnan University,25.7,9.8,14.7,24.1,51.5,49.6,5,5.3,2.1,81.5,3,16,26834,353,1984,24,1960
2022,201,University of Electronic Science and Technology of China,25.6,11.9,6.4,16.1,91.9,39.9,29.3,11.4,1,68.4,1.2,69.4,33428,960,2032,54,1978
2022,202,Bangladesh University of Engineering and Technology,25.4,30.8,48,27.8,25.8,6,1.5,2.4,8,,,,6268,11,486,0.33,485.67
2022,202,Beijing University of Technology,25.4,19.3,14.6,61.2,43.1,22.9,22.6,13.7,34.5,17.1,11.3,23,23126,785,2411,120,2291
2022,204,Osaka Prefecture University,25.3,14.1,19.9,70.7,33.3,10.8,15.5,15.9,52.3,24.7,17.1,2.5,7710,299,865,31,834
2022,205,IISER Bhopal,25.2,6.5,3.7,45.2,65.8,82.2,3.4,1.2,100,4,1.6,1.6,,,,,
2022,205,Macau University of Science and Technology,25.2,11,7.7,5.6,25.1,93.3,100,100,15,21.6,6.1,10.2,10550,8869,486,389,97
2022,205,Nanjing Normal University,25.2,11.8,3.5,26.8,15.8,79.1,21.1,1.4,73.5,1.7,26.9,26.9,,,,,
2022,205,Universiti Pendidikan Sultan Idris (UPSI),25.2,23.3,18.4,27.1,7.6,1.9,44.9,42.1,65.1,5.8,95.7,78,9914,1017,762,69,693
2022,209,Diponegoro University,24.9,32.6,39.8,16.2,7.5,1,68.1,7.6,1,10.7,25,22.6,38567,741,2852,371,2481
2022,210,Duy Tan University,24.8,13.5,22.8,4.2,9.1,54.6,57.3,2,1,71.8,4.2,7,,,,,
2022,211,Niigata University,24.7,13.1,7.5,98,11.8,33,16.6,15,2.8,24.8,44.7,6.2,12375,457,1960,75,1885
2022,212,Nanjing University of Aeronautics and Astronautics,24.5,11.1,7.9,20.8,69.9,20.6,20.1,14.5,57.7,45.8,12.8,97.8,30178,1076,2129,96,2033
2022,213,Rikkyo University,24.4,10.5,23.8,11.7,3.8,78.9,71.9,27.9,1,26.5,28.5,19.1,21040,1318,1236,166,1070
2022,214,"University of Agriculture, Faisalabad",24.1,14.2,22.6,1.5,37.2,68.2,12.5,1.6,7.2,48.5,4,,27789,59,701,21,680
2022,215,North South University,24,24.1,61.9,4.5,4.2,3.1,44.7,9.7,2,5.5,5.2,15.2,12692,313,715,62,653
2022,216,Sungshin Women's University,23.9,14.6,16.9,94.8,1.9,11.3,10.5,17.3,5.8,2.6,48.1,85.3,,,,,
2022,217,Shinshu University,23.7,10.1,7.6,51.4,26.8,53.1,21.3,14.4,4.9,49.3,13.6,5.1,10910,387,1055,50,1005
2022,218,Amity University,23.5,14.6,18.9,24.6,16.7,2.9,7.8,60.6,9.4,59.9,11,99.6,30030,3639,2236,43,2193
2022,218,Harbin Engineering University,23.5,10.2,4,27.9,65.9,18.6,16.3,10.9,20.9,71.5,52.1,26,28545,783,1509,35,1474
2022,220,Alagappa Univeristy,23.4,5.8,3.5,64.9,31.8,52.1,1.4,97.8,18.2,2,1.8,1.8,,,,,
2022,220,Bina Nusantara University (BINUS),9.8,9.7,9.7,22.3,,1.5,4.8,4.5,,,,,14065,593,1124,96,1028
2022,220,Zhengzhou University,23.4,14.5,24.7,8,37.4,65.7,10.7,2.4,36.5,,,,,,,,
2022,223,Sookmyung Women's University,23.3,10.8,13.7,34.7,6.2,72.5,21.6,5.1,33.5,1.2,62.1,57.2,11026,137,921,44,877
2022,224,Donghua University,75.7,,,,,,,,,,,,,,,,
2022,224,Indian Institute of Technology Hyderabad,23,10.7,5.7,30.5,80.7,44.6,3.4,3.8,100,10.5,3,,3278,29,259,2,257
2022,226,Kyoto Institute of Technology,22.8,16.9,11.4,28.4,62,3,25.5,43.8,90,5.9,47.1,13.7,3970,361,310,17,293
2022,227,Universiti Malaysia Sabah (UMS),22.7,33.3,24.8,8.9,10.9,6.1,48,17.2,2,22.1,33.1,5.9,16975,705,913,84,829
2022,227,Universiti Malaysia Sarawak (UNIMAS),22.7,27.7,21,17.8,9.6,5.5,83.8,30,1.5,14.5,50.2,37.8,13308,885,894,145,749
2022,229,National Taiwan Ocean University,22.6,14.6,6.7,20,29.1,15.4,14.4,31.2,96.9,24.8,67.4,37.6,8036,551,560,19,541
2022,230,Central China Normal University,22.5,9.2,3.7,11.9,16.3,99.8,16.5,18.3,20.9,37,2.6,21.4,,,,,
2022,230,Yokohama City University,22.5,12.9,7.8,100,20.1,36.1,11.7,8.4,4.2,5.6,11.2,3.1,5087,108,889,25,864
2022,232,Anna University,22.4,17.6,26.6,6,62.7,17.4,5.2,21.7,43.2,1.2,,,15503,197,730,0,730
2022,232,Huazhong Agricultural University,22.4,10.2,3.9,11.2,37,70.6,14,6,54.1,42.3,1.4,9.1,,,,,
2022,232,Northwest University (China),22.4,10.6,2.7,72.7,20.5,57.8,12.6,19.8,3.8,23.7,1,18,21535,1009,2457,74,2383
2022,232,Tokushima University,22.4,14.2,3.9,86.1,28.5,7.1,9.3,10.8,40.7,29.5,9.5,4,7508,205,967,22,945
2022,236,China University of Petroleum¡ABeijing,22.3,11.6,3.1,10.5,92.9,32.9,21.3,91.9,14.5,60.2,13.5,,,,,,
2022,236,Fu Jen Catholic University,22.3,17.4,20.9,7.3,13.3,30,27.4,55,49.7,5.2,63,41,18589,2059,791,46,745
2022,236,Nanjing Tech University,22.3,8.1,2.7,16.1,36.5,97,6.2,5.9,3.3,46.3,1.9,11.8,,,,,
2022,239,Ashoka University,22.2,11,10.2,38,3.4,1.7,94.5,31.4,92.9,1.5,75.6,81.7,,,,,
2022,239,Feng Chia University,22.2,17.9,19.7,5.7,20.8,22.1,11.1,35.9,68.4,16.6,50.7,30.6,18509,1425,855,23,832
2022,239,Kangwon National University,22.2,11.6,12.5,22.9,22.4,34.7,16.1,10.9,78.1,38.2,3.1,3.2,21745,596,1582,59,1523
2022,239,Nanjing Medical University,22.2,7,2,59.9,36.9,79.6,6.9,22.2,10.5,15,6.1,8.2,,,,,
2022,239,Nanjing University of Information Science and Technology,22.2,5.5,1.6,15.4,28.6,73.2,15.2,14.2,56.1,55,2.3,2.3,,,,,
2022,239,Universitas Brawijaya,22.2,31.7,40.3,13.7,5.1,1,19,5.1,1,5.7,12.2,25,50461,633,3211,138,3073
2022,245,Ocean University of China,22.1,12.7,4,15.3,50.8,32,10.8,7.4,29.7,66.1,2.9,31.7,,,,,
2022,245,University of Karachi,22.1,24.8,29.8,1.5,12.8,7.3,12.6,1.8,1,59.3,,,43129,107,1063,32,1031
2022,247,Tokai University,21.9,26.8,19.8,23,9.6,7.6,21.5,14.1,1,43.6,4.7,4.5,28535,991,2079,99,1980
2022,247,Universiti Tun Hussein Onn Malaysia (UTHM),21.9,19.8,15.9,15.7,43,1.4,29.9,24.8,34.7,40.2,22.4,17.8,15498,879,872,57,815
2022,249,International Christian University,21.8,11.8,28.3,18.9,4.2,8,99.6,53.6,5.9,3.2,98.5,80.9,3233,362,221,62,159
2022,249,Kagoshima University,21.8,13.3,7.7,86.2,13.8,9.4,13.6,13.4,9.1,35.9,15.3,4,10326,343,1331,43,1288
2022,255,Aga Khan University,11.7,13.2,100,12.3,24.2,2.5,4.2,1,14,,,,,,,,
2022,255,Aligarh Muslim University,19.6,9.7,34.1,17.1,32.3,8.2,1.4,50.9,,,,,18484,386,1535,0,1535
2022,255,Indian Institute of Technology Bhubaneswar,9.3,8.8,26.8,70.9,44.5,5.1,1.1,100,5,,,,2102,1,161,2,159
2022,255,"INDIAN INSTITUTE OF TECHNOLOGY (INDIAN SCHOOL OF MINES), DHANBAD",7.1,3.6,7.7,99.2,25.7,3.7,2.6,99.9,43.7,2.3,,,,,,,
2022,255,Kookmin University,11,10.1,38.8,7.4,40.9,19.4,72.1,15.2,4,81.1,67.9,,16655,2405,1447,63,1384
2022,255,Nagaoka University of Technology,4.7,4.3,45.4,79.3,4.9,25.4,59.2,93.8,11,14.5,50.8,50.8,,,,,
2022,255,O.P. Jindal Global University,15.4,30.3,72.8,3.1,1.2,59.9,2.2,2.8,1.1,5.9,29,,6650,25,832,93,739
2022,255,Southwest University,10.9,3.7,23.3,31.2,62.5,2.4,5.8,11.2,57.9,,,,36228,519,2651,13,2638
2022,255,Universiti Malaysia Perlis,18.3,13.9,55.8,23.3,2.7,6.2,22.5,1.4,38.4,11.9,30.2,,11264,477,1127,17,1110
2022,255,Xi'an Jiaotong Liverpool University,13.2,5.7,11.4,11.2,35.9,100,35.9,3.1,34,35.4,100,,12626,973,736,371,365
2022,265,Beijing Foreign Studies University,15.8,6.5,43.5,2.8,2.4,64.1,75.8,21.7,4.5,96.7,97.3,,10190,1559,923,110,813
2022,265,China University of Political Science and Law,14.3,26.1,20,2.3,1.4,37.6,22.2,65.4,2.1,37.8,99.6,,17516,906,1220,20,1200
2022,265,Fuzhou University,6.4,6.7,20,38.6,95.5,1.9,1.1,33.6,1.1,33.6,,,,,,,
2022,265,Gunma University,8.8,4.3,96.9,16.3,14.4,9.6,15.7,4.8,7.9,61.2,67.4,1,6429,247,1067,25,1042
2022,265,Indian Institute of Technology Ropar,4.3,3.3,46.1,56.9,49,4.6,1.3,100,6.5,2.1,19.4,19.4,,,,,
2022,265,JSS Academy of Higher Education & Research,6.8,14.5,75.1,4.8,6.4,22.1,30.3,94.4,1.1,18.5,11.1,,,,,,
2022,265,Kyushu Institute of Technology,13.1,12.2,17.7,66.8,8.9,36.9,22,87.4,18.5,10.6,2.5,,5646,290,378,28,350
2022,265,The University of Electro-Communications (UEC-Tokyo),5.3,10,29,81.9,3.8,58.6,25.4,97.9,23.3,3.7,3.1,3.1,,,,,
2022,265,University of Madras,20.5,11.3,18.9,71.4,37,63.5,1,14,,,,,,,,,
2022,265,University of Peradeniya,18.5,23.7,28.5,4.5,15.6,1.1,3.3,1.4,53.2,2.1,2.1,,17469,129,1457,1,1456
2022,275,Asia Pacific University of Technology and Innovation (APU),9.5,15.1,38.5,3.8,1.2,98.1,100,1,1.1,100,96.8,96.8,,100,,,
2022,275,Chandigarh University,17.4,50,22.5,2.4,1.6,25.9,21.1,1,1.8,16.2,20.1,,,,,,
2022,275,Chung Yuan Christian University,13,12.2,5.8,23.5,42.5,17.4,37.4,38,13.6,91.4,13.6,,15622,1246,727,29,698
2022,275,Chungbuk National University,11,7.9,39.1,24,7.8,20.4,25.2,94.3,28.5,5.7,4.2,,15191,875,1324,60,1264
2022,275,Doshisha University,21.5,35.4,7,7.2,2.6,60.7,17.4,6,14.3,30.1,10.1,,28946,1213,1441,163,1278
2022,275,Gifu University,11.7,5.8,91.6,22.7,10,14.4,16.4,10.8,20.6,1.1,5.9,,7280,290,1003,34,969
2022,275,National Institute of Technology Rourkela,6.8,5.7,11.2,90.7,35.7,19.5,100,20.7,,,,,,19.5,,,
2022,275,Northeastern University (China),9.2,3.3,11.9,67.4,15.4,79.7,8.5,33.1,50.9,39.1,20,,,,,,
2022,275,Shoolini University of Biotechnology and Management Sciences,4.4,10.9,29.2,11.6,99.9,6.9,5.7,1.1,17.1,5.5,9,9,,,,,
2022,275,University of Mumbai,23.7,42.7,5.7,15.4,2.5,5,1.4,1.3,22.2,,,,8,,,,
2022,275,Yuan Ze University,12.3,13.7,7.4,35.1,23.5,19.7,30.7,79.6,6.9,51.8,56.7,,8017,543,406,18,388
2022,285,Hallym University,8.3,3.6,98.6,18,19.5,12.8,23.7,2.9,10.6,25.8,22.5,,7880,431,1279,39,1240
2022,285,Hanoi University of Science and Technology,7.8,6.4,4.1,5.2,1.5,1.2,,,,,,,33666,146,1119,31,1088
2022,285,IIT BHU Varanasi,9.3,8.8,4.7,84.1,33.5,1.3,100,14,100,14,,,,,,,
2022,285,King Mongkut's Institute of Technology Ladkrabang,20.1,38.8,5.8,17.8,1.4,35.5,5.3,21.6,11.9,15.6,12.7,,23619,307,1101,79,1022
2022,285,National University of Defense Technology,6.8,2.4,96.2,79.1,5.7,3,1,24.1,,,,,,,,,
2022,285,Northwest Agriculture and Forestry University,10.3,2.1,47.4,28.3,51,9.7,4.1,2.7,39,2.2,7.7,,,,,,
2022,285,Soongsil University,11.1,17.2,15.7,12.7,25.4,25.6,52.6,87.2,4.1,29.1,11.2,11.2,,,,,
2022,285,Tezpur University,5.8,2.7,19.7,48.6,44.1,29.4,4.9,93.2,12.1,13.4,13.4,34.6,,,,,
2022,285,Thapar Institute of Engineering & Technology,6.7,9.3,10.9,53.1,38,17.8,6,85.6,24.5,13.4,12.7,,8858,134,509,21,488
2022,295,Amrita Vishwa Vidyapeetham,10,10.6,40.5,22.1,2.3,86.9,5.7,4.8,24.8,97.3,23.6,,19224,273,1696,291,1405
2022,295,BRAC University,20,41.2,24.9,3.5,4,5.1,6.2,1,12.6,,,,11427,179,730,9,721
2022,295,China University of Mining and Technology,9.5,4.4,10.6,52.7,47.1,7.3,8.3,25.7,35.2,37.8,15.1,,,,,,
2022,295,Dankook University,10.1,9.1,81,6.9,28.6,15.9,19.7,5.6,10.6,8.9,5.9,,23986,1122,2936,108,2828
2022,295,Gyeongsang National University,7.6,5.6,31.9,26.8,21.4,20.5,11,77.1,38.9,3.1,4.2,,,,,,
2022,295,"National Institute of Technology, Tiruchirappalli",8.5,8.6,24.1,65.7,27.8,23.7,48.9,29.3,,,,,,,,,
2022,295,Pukyong National University,13.9,8.4,16.7,27.5,18.4,18.4,28.2,75.4,25.2,9.7,14.1,,16431,1036,1157,48,1109
2022,295,Qingdao University,5.4,2.6,16.1,20.8,67.6,28.1,5.7,51.3,32.5,2.7,13.6,13.6,,,,,
2022,295,SEGi UNIVERSITY,6.4,12.4,60.5,3.6,3.5,94.9,100,1,1.1,61,48.1,48.1,,,,,
2022,295,"Shiv Nadar University, NCR",4.3,3.3,77.8,17.3,22.8,14.2,4.4,96.8,2.5,2.1,9.7,9.7,,,,,
2022,325,Akita International University,8.2,9.8,37.4,3.8,25.1,100,35.7,1.3,100,1.3,100,,,,,,
2022,325,Akita University,4.9,3,84.3,11.7,4.8,19.9,13.5,60.5,8.8,11.4,2.5,2.5,5016,168,695,31,664
2022,325,Asia University Taiwan,15.7,4.8,4.6,35.6,26.8,32.9,19.3,42.4,23.1,6.4,12.6,12.6,12680,581,563,38,525
2022,325,Bahauddin Zakariya University,13.4,15,1.7,14.9,45.1,1.1,1.2,37.2,,,,,30862,10,820,0,820
2022,325,China Pharmaceutical University,6.5,2.9,6.6,52.6,73.1,3.9,5.7,8.2,22.9,17,26.6,,20667,296,1004,9,995
2022,325,Hohai University,9.7,3,14.2,50.5,13.3,10.7,8.2,20.9,70.9,1.3,17.6,,33304,694,2084,54,2030
2022,325,Hong Kong Shue Yan University,9.7,14.4,6.5,6.2,34,89.3,53.3,24.2,2.8,7.2,47.6,47.6,3919,493,190,34,156
2022,325,Indian Institute of Technology Gandhinagar (IITGN),6.4,2.7,39.9,68.9,27.8,20.1,3.1,75.7,8.1,16.7,,16.7,1767,12,155,7,148
2022,325,Indian Institute of Technology Patna,4.7,3.3,26.8,95.6,13.8,100,6.2,,100,6.2,,,1550,119,,,
2022,325,Inje University,4.3,3.2,81.5,17.5,18.1,10,9.5,33,12.9,20.4,22.8,,10052,243,1236,30,1206
2022,325,"International Islamic University, Islamabad (IIU)",16.1,25.1,2.8,8.2,42,3.6,37.5,1,24.8,1.1,,,23174,1852,984,8,976
2022,325,Jeju National University,9.6,4.9,34.2,18.8,19.3,7.1,24.2,54.1,19,13.2,15.4,,10401,579,864,15,849
2022,325,Kwansei Gakuin University,9.8,17.7,4.8,6.5,17.7,76.6,16.8,23,30.6,20.6,31.5,,25601,1040,1111,160,951
2022,325,Lincoln University College,7.8,12.5,15.8,2.3,5.6,100,100,17.6,1.3,100,96.8,,5737,2815,371,174,197
2022,325,Meiji University,18,42.7,7.3,6.2,1.9,14.3,20.6,1.2,11.9,17.5,6.3,,32810,1592,1693,57,1636
2022,325,Nagoya City University,5.8,2,96.6,16.3,17.4,17.1,8.5,8.3,3,14.4,4.4,,4484,97,678,27,651
2022,325,Nanjing Agricultural University,14.6,4.6,10.3,53.6,59.9,4.4,4.5,25.5,,,,,25076,264,1417,0,1417
2022,325,National Dong Hwa University,14.7,6.8,11.1,16.4,28,9.4,39,73.5,11.2,2.3,1.9,,9734,804,563,13,550
2022,325,National Taipei University,18.3,10.6,11.4,8.2,21.5,6.2,12.5,58.6,5.1,25.6,44.7,,7932,424,462,7,455
2022,325,North China Electric Power University,4.5,1.9,55.9,31.5,34.1,10.1,4.7,1,22.2,3.6,48.5,,29964,338,3001,74,2927
2022,325,Northeast Normal University,7.4,1.7,10,19.1,88.3,11.8,6.8,20.4,10.2,4.7,18.1,18.1,30982,530,1731,49,1682
2022,325,Panjab University,14.3,9.8,12.7,18.3,35.6,1.8,7.4,52,1.3,1.3,,,17361,43,1048,0,1048
2022,325,Pondicherry University,9.7,4.8,1.5,90.9,8,7.6,3.1,100,16.3,2.9,2.9,,6045,40,322,6,316
2022,325,Ritsumeikan Asia Pacific University,12.3,25.2,2.5,7.3,5.8,100,100,1.6,2.1,55.8,51,51,5695,2797,190,89,101
2022,325,Saitama University,10.4,5.2,23.4,52.2,12.3,38,26.7,12.2,45.2,25.1,8.7,,8457,510,620,47,573
2022,325,Sathyabama Institute of Science and Technology (Deemed to be University),11.9,22.5,39.7,23,1.4,10.4,7.2,1,3.5,45,47.3,,12251,223,1073,27,1046
2022,325,Seoul National University of Science and Technology,16.7,9.9,11,25.3,20.7,28.4,28.6,62.6,5.8,35.8,29.6,47.3,11311,722,652,39,613
2022,325,Shaanxi Normal University,7.4,3.3,15.2,27.1,82.4,2.5,12.1,24.6,16.3,16.3,,,26247,796,1678,9,1669
2022,325,Shanghai International Studies University,13.2,6,28.4,2.8,7.7,56.1,66.2,20.4,4,28.5,92.4,,12627,499,985,117,868
2022,325,Shanghai Normal University,11.2,3.3,22.6,6.9,68.5,20,16.8,3.7,21.3,17.1,50.2,50.2,30760,1249,2229,100,2129
2022,325,Shanghai University of Finance and Economics,13.7,10.7,15.3,5.1,28.4,22.7,15.5,70.8,16.1,15,17.5,,17257,656,1104,55,1049
2022,325,Shanghai University of Traditional Chinese Medicine,4.3,2.1,98.1,10.8,36.9,2.5,73.8,2.1,1.7,1.4,3.4,3.4,8450,1217,1341,7,1334
2022,325,Shantou University,6,1.9,34.1,24.2,39.1,76.6,3.2,1.9,50.2,4,14.3,14.3,11214,78,931,134,797
2022,325,Shibaura Institute of Technology,10.4,7.6,2.6,44.7,1.6,41.3,44.8,76.5,6.6,99.6,3.9,,9541,943,308,25,283
2022,325,Shimane University,6.3,2.4,84.1,17.4,6.6,14.4,11.1,16.6,32.7,3.7,1.4,,6079,170,767,26,741
2022,325,South China Normal University,9.3,2.2,18.7,22.8,58.2,8.3,4.1,4.7,52.9,2.5,5.2,5.2,25682,249,1813,37,1776
2022,325,Southwest Jiaotong University,8.3,5.4,45.8,17.4,23.5,3.9,7.7,1,37.8,4.6,42,5.2,45829,900,4608,42,4566
2022,325,Tamil Nadu Agricultural University,4.8,3.3,97.4,4,1.8,1.5,100,2.8,1.5,,,,6969,11,1080,0,1080
2022,325,Tamkang University,14.2,14,3.7,12.4,18.1,25,39.3,67.5,11.2,26.6,55.7,,22697,1883,888,48,840
2022,325,The University of Lahore,20.9,26.4,19.6,3.7,16.4,6.9,7.9,1,25.5,,,,32106,644,2224,38,2186
2022,325,Tokyo University of Foreign Studies,15,14.5,7.3,1.6,98.1,36.6,1.9,97.3,97,,,,4169,535,330,79,251
2022,325,Toyota Technological Institute,8.1,3.6,49,100,22.1,8.7,5.9,2.3,15.4,2.3,15.4,,503,6,51,3,48
2022,325,Tunghai University,14.4,16.1,6.9,8.6,17.5,41,50.6,48.9,3.1,75.2,23.9,,15160,1577,748,60,688
2022,325,Universiti Kuala Lumpur (UniKL),18.9,15.4,52.6,6.1,2.8,22.7,14.3,1,11,57.2,16,,15392,542,1502,75,1427
2022,325,University of Colombo,25.6,36.7,3.7,7.1,6.4,1.6,2.5,1.4,10.6,1.3,,,22300,107,837,2,835
2022,325,University of International Business and Economics,9.9,5.4,15.8,3.5,37,26.8,80.9,35.9,10.5,41.5,34.8,,15708,2611,1015,58,957
2022,325,University of Miyazaki,7.9,3.2,54.1,23,15.5,27.3,12.3,1,12.7,75.7,38.9,38.9,5271,162,520,30,490
2022,325,University of Mysore,9.6,6.1,10.8,16.6,5.9,28.5,16.5,56.2,96.1,9.5,96.1,9.5,8726,555,500,0,500
2022,325,University of the Ryukyus,8.3,1.1,76,14.7,3.8,17,9.4,15.9,47.3,15.1,14.6,14.6,8079,192,947,37,910
2022,325,Yamaguchi University,11.6,3.7,64.9,16.1,7.4,27,13.6,16.7,17.9,13.1,14.2,,10371,350,1113,64,1049
2022,325,Yangzhou University,5.5,2,41.1,15.2,69.8,15.9,17.5,2.5,26.7,2.8,25.2,,36711,1551,3257,120,3137
2022,375,AIMST UNIVERSITY,7.4,5.8,65.7,4.9,7.6,100,7.6,4.3,2.3,10.4,10.4,,3011,58,291,148,143
2022,375,Air University Pakistan,9.2,11.7,90.1,3.4,6.2,2,2.4,1,2.8,1.7,,1.7,6151,28,830,3,827
2022,375,Annamalai University,7.7,9.2,40.4,8.1,14.1,6.3,51.7,17.7,51.7,17.1,,,17369,277,1531,0,1531
2022,375,Aoyama Gakuin University,15.3,29.8,6.8,5.8,14,55.5,13.1,6,6,9.8,7.2,,19330,630,949,99,850
2022,375,Beijing Forestry University,10.7,2.3,30.1,29,32.3,7.1,7.1,16.1,28.8,2.4,25.9,,19346,346,1539,27,1512
2022,375,Beijing University of Chinese Medicine,11.6,4.1,53.9,15.3,12,36.2,59.8,3.1,,,,,11644,904,1148,0,1148
2022,375,Beijing University of Posts and Telecommunications,10,5.2,21.7,73.5,11.8,16.7,6.7,11.4,26.2,,,,20765,350,1486,57,1429
2022,375,Chang Jung Christian University,11.6,7.3,53.2,3.7,8.8,22.3,20.7,1.4,1.7,17.4,39.5,,7873,383,772,38,734
2022,375,Daffodil International University,19.4,33.2,4.2,3.3,1.7,9.3,7,1,2.8,12,16.8,16.8,17846,317,749,17,732
2022,375,Dow University of Health Sciences,5.3,8.6,93.8,2.8,3.2,13.4,1,2,,,,,6930,230,1094,0,1094
2022,375,"Dr. Harisingh Gour University (University of Sagar), Sagar",3.6,1.8,4.9,10.4,71.6,89.7,1.9,,89.7,1.9,,,5035,221,,,
2022,375,Ehime University,10.9,3.3,13,47.1,12.6,49.5,,,,,,,9240,562,,,
2022,375,"Government College University, Faisalabad",4.2,4,8.9,7.9,74.2,2.9,1.1,52.5,1.1,52.5,,,15657,843,,,
2022,375,HELP University,5.9,16.8,19.9,1.8,45.5,80.3,1,64,100,,64,100,3592,591,250,22,228
2022,375,INTI International University,6.7,22,17.1,5.1,3.4,70.5,97.5,1,1.4,41,1.2,100,3804,949,259,34,225
2022,375,Incheon National University,12.4,4.5,10.8,22.3,31.2,26.7,11.6,4.1,15.1,27.8,48.7,48.7,13468,391,772,44,728
2022,375,"Indian Institute of Engineering Science and Technology, Shibpur",4.7,3.3,16,89.1,8.1,3.8,79.6,29.7,79.6,29.7,,,4173,37,271,0,271
2022,375,Institute of Space Technology,4.6,4.1,80,24.8,15.4,2.7,1,11.4,1.6,11.4,,1.6,1645,173,,,
2022,375,Iwate Prefectural University,2,2.5,17.9,15.2,93.2,6,,,,6,,,2105,19,142,0,142
2022,375,Jamia Hamdard,12.2,7.5,14.2,17.3,66.5,16.7,1,5.2,1.1,1.2,,,8352,338,522,0,522
2022,375,Kindai University (Kinki University),11.3,13.4,15.1,9.5,31.9,40.5,5.8,6.6,17.7,3.7,26.9,,34393,497,2192,175,2017
2022,375,King Mongkut's University of Technology North Bangkok,19.7,26.8,3.9,9.6,2,9.1,1.8,5.4,29.8,2.5,2,,27857,70,1124,25,1099
2022,375,Kochi University,8,3,81.7,14.7,10.2,11.8,6.6,16.2,10,30.2,7.8,7.8,5439,91,670,19,651
2022,375,Kwangwoon University,5.1,8,12.3,32.4,20.9,27.5,34.5,83.8,12.3,12.5,21.2,21.2,8618,769,515,30,485
2022,375,Minzu University of China,8.6,3.2,20.6,5.4,59,24.4,9.3,9,3.7,5.8,18.4,18.4,16147,380,1135,60,1075
2022,375,Myongji University,6,5,13.3,10.9,46.7,21.7,19.3,36.9,7.5,26.8,13.8,13.8,15083,692,924,44,880
2022,375,NED University of Engineering and Technology,10.9,28.9,8.1,4.2,7.7,18.8,1.7,1,14.8,28.3,6.8,,11629,27,634,27,607
2022,375,Nagoya Institute of Technology (NIT),14.7,8.5,10.3,73.5,4.2,19.4,20.9,20,,,,,5711,280,343,15,328
2022,375,Nara Women's University,4,3.8,8.1,34.8,83,26.4,5.9,,,5.9,,,2676,160,139,0,139
2022,375,National Chi Nan University,8.6,4.9,14.7,11.7,7,12.8,68.5,63.1,4.5,39,33.5,33.5,5708,781,361,11,350
2022,375,"National Institute of Technology Karnataka, Surathkal",2.9,4.7,14.2,72.6,10.8,2.4,96,7.5,1.4,2.5,1.4,2.5,5147,24,322,0,322
2022,375,National Yunlin University of Science and Technology,11,6.7,9.2,24.5,4.9,13.6,34.5,64.7,2.2,52.5,13.1,2.5,9151,682,498,16,482
2022,375,OSMANIA UNIVERSITY,12.3,9.8,4.4,55.3,5.5,26.9,83.3,10.1,1.8,1.3,,,9430,572,396,0,396
2022,375,SRM INSTITUTE OF SCIENCE AND TECHNOLOGY,11.7,19.2,17,8.2,4.9,3.3,6.7,1,45.9,4.2,7.1,,52099,877,3451,25,3426
2022,375,Shandong University of Science and Technology,3.3,2,24,13.1,72.4,8.2,3.8,1,19.3,13.4,11.6,11.6,45176,396,3336,67,3269
2022,375,Shanghai University of International Business and Economics,6.3,4.2,66.4,2.5,23.6,92.7,1.5,,,1.5,,,8232,1730,893,0,893
2022,375,Shizuoka University,9.7,8.6,19.9,53.3,7.2,57.7,,,,,,,10106,703,,,
2022,375,SOKA University,9.1,13.6,7.7,5.6,2,84.7,36.5,2.7,11.9,51.2,62.7,62.7,6876,537,352,58,294
2022,375,Soochow University (Taiwan),13.1,15.1,6.4,3.2,33.5,15,18.5,19.5,1.7,62.8,21.7,62.7,15374,681,742,26,716
2022,375,Soonchunhyang University,4.3,3,54.5,14.3,20.6,20.4,17.9,43.7,3.3,30.2,3.7,3.7,11450,493,1134,52,1082
2022,375,SRI VENKATESWARA UNIVERSITY,4.6,4,34.6,20.9,28,1.9,73.6,5.5,31.2,62.3,31.2,62.3,6487,19,541,0,541
2022,375,Srinakharinwirot University,11.6,20.4,12.5,3.7,9.5,27.1,2.3,77.5,2.8,7.8,6,6,25097,108,1506,98,1408
2022,375,Suranaree University of Technology,15.3,9.6,2.8,19.8,12.3,17.7,4.9,79.8,19.7,7.1,10.2,6,13990,167,518,21,497
2022,375,Symbiosis International (Deemed University),8.6,20.5,33.3,3.3,12.1,15.4,38.2,15.8,3,10.8,22.7,,18378,1492,1451,52,1399
2022,375,Tata Institute of Social Sciences,13.3,7.2,25.6,14.3,1.4,11.3,81.2,1.8,41.7,11.6,41.7,11.6,3196,99,263,0,263
2022,375,Universitas Hasanuddin,24.7,15.1,16.5,5.2,1.1,22.5,5.6,18.4,10.5,22.9,13.8,,30486,423,2041,101,1940
2022,375,University of Jaffna,7.9,12.3,29.1,2.5,66.3,3.4,,,,3.4,,,6852,539,,,
2022,375,University of Taipei,11.2,3.9,40.6,3.4,5.1,8.3,11.2,1.1,4.6,52,96.4,96.4,7255,204,685,14,671
2022,375,Xidian University,9.1,5.4,14,71.5,23,2.8,8.6,9.8,42.2,,,,28238,616,1757,10,1747
2022,375,Zhongnan University of Economics and Law,8.6,15.8,9.8,3.2,41.3,5.8,18.1,22,18.1,22,,,24119,346,1340,0,1340
2022,425,ANDHRA UNIVERSITY,8.7,5.5,18.3,22.9,2.5,11.5,28.9,79.8,3.9,4.1,,,8748,564,684,19,665
2022,425,"Bahria University, Islamabad. Pakistan",8.5,18.6,19.2,4.3,23.5,1.9,2.2,1,9.1,1.5,2.5,2.5,19178,75,1034,3,1031
2022,425,Busan University of Foreign Studies,8.9,4.7,5,1,90.4,39.5,28.1,51.1,64.1,,51.1,64.1,8387,700,369,68,301
2022,425,Chinese Culture University,11,11.7,5.9,4.6,10.1,14.6,21,23.2,4.3,56.2,27.5,27.5,21638,1067,1010,35,975
2022,425,Chosun University,6,4,11.2,16.3,8.9,32.3,23.2,76.2,8.9,13.2,53,53,19766,1105,1146,76,1070
2022,425,Chuo University,10.9,24.4,8.1,6.6,4.4,39.3,15.3,1,11.1,7,6.3,6.3,26291,985,1372,107,1265
2022,425,Cochin University of Science and Technology,4.6,3.5,5.3,86.5,5.7,1.8,75.6,3.6,1.3,1.7,1.3,1.7,3764,10,170,0,170
2022,425,Fujian Normal University,4.7,2.1,16.8,11.3,41.4,16.9,11.4,1.9,17.3,9.8,77.5,77.5,31382,903,2068,81,1987
2022,425,Future University Hakodate,3.3,2.9,13.8,24.7,1.4,75.2,3.5,100,2.5,10.4,3.6,3.6,1145,9,71,10,61
2022,425,Government College University Lahore,10.1,15.3,7.2,17.1,5.5,9.1,4.5,1.2,30.1,1.1,4.2,4.2,9888,106,540,12,528
2022,425,Gangneung-Wonju National University,3.5,2.4,21.8,13.2,8,8.2,12.8,100,4.8,6.5,13.5,13.5,6217,199,445,9,436
2022,425,Guangxi University,8.6,5,8.5,21.4,38.7,21.8,1,29.4,1,29.4,,,34818,1774,1849,0,1849
2022,425,HeFei University of Technology,6.7,3.5,7.8,43.6,46.6,1,24,,,,,,39225,2024,,,
2022,425,Hongik University,12,13.6,12.3,9.3,9.1,61.5,36.3,18.7,7.2,7.5,5.4,,20331,1579,1213,139,1074
2022,425,Hue University,12.9,23.8,6.1,2.2,8.5,4.1,4.9,1,24.3,9,7.4,7.4,45061,538,2130,20,2110
2022,425,I-Shou University,4.7,6.3,5.1,16.6,11.9,22.4,57.7,74.5,2.3,84.4,1.1,1.1,12788,1480,567,28,539
2022,425,"Independent University, Bangladesh (IUB)",4.8,4.6,2,4.2,99.4,2.1,1.7,1,6.4,6.4,,,8627,19,257,1,256
2022,425,"Indraprastha Institute of Information Technology, Delhi",4.6,8.4,8,77.1,9.5,19.3,4.2,68,4.7,6.1,,,2122,21,104,2,102
2022,425,Islamic University of Technology,11,15.2,13.7,10.8,11.6,21,71.1,1,1.5,1.9,1.9,,2422,345,150,7,143
2022,425,KLE ACADEMY OF HIGHER EDUCATION AND RESEARCH,1.4,4,94.3,2,10.7,3.5,1,1,1.9,2.1,1.9,2.1,5042,40,725,0,725
2022,425,Kansai University,14.9,25.7,4.5,7.2,3.3,32.9,13,1,5.8,11.2,3,,30335,982,1291,87,1204
2022,425,Korea Maritime & Ocean University,8.7,4.6,21.8,9.9,5.1,13.6,6.4,85.5,18.9,1.1,1.1,1.1,6636,107,475,15,460
2022,425,Limkokwing University of Creative Technology,6.8,14.4,6.1,1,93.5,100,1,3.9,80.5,,3.9,80.5,7806,6227,226,45,181
2022,425,Mehran University of Engineering & Technology,8.4,10.8,14.7,5.4,44,3,1,8.3,43.4,,,,8000,50,506,0,506
2022,425,Muroran Institute of Technology,2.2,6.2,10.6,38.5,9.3,42.2,24.7,81.3,3.8,8.7,4.3,4.3,3397,192,194,16,178
2022,425,National Institute of Technology Silchar,1.3,2.9,9.4,70.5,13.5,5.1,100,2.6,1.2,2.6,,1.2,3801,48,208,0,208
2022,425,Nitte University,4.7,6.4,93.7,2,2.2,5.1,8.6,1.1,3.2,1.1,,3.2,4087,51,582,0,582
2022,425,Nanchang University,5.9,2.2,6.9,24.4,65.1,12.9,7.1,1,15.7,2.6,17.1,,51851,932,2569,79,2490
2022,425,Naresuan University,13.3,9.6,18.9,5.2,9.2,23.7,3.2,41,10.2,1.4,2.4,,21740,151,1489,77,1412
2022,425,National Changhua University of Education,4.6,5,11.8,17.6,8.6,7.4,16.9,89.9,2.8,73.9,10.1,10.1,7409,303,437,8,429
2022,425,National University of Computer and Emerging Sciences,8.5,40.1,3.7,4.6,14.4,11.5,1,2.6,,,,,12223,434,,,
2022,425,National University of Kaohsiung,6.3,3.5,7.7,25.3,4.5,18.1,14.4,83.1,2.5,93.4,36,36,5663,201,291,12,279
2022,425,Nihon University,12.1,10.2,12.8,6,4.3,16.1,6.9,36.1,2.1,2.6,,,72273,1269,4375,163,4212
2022,425,"Shivaji University, Kolhapur",3,3.6,2,61.7,68.7,1.1,14.4,2,14.4,2,,,7301,3,216,0,216
2022,425,Siam University,7.3,5.3,23.5,1.9,25.3,23.4,74.1,1,1.1,47.9,4.8,4.8,6854,1129,483,25,458
2022,425,Siksha 'O' Anusandhan (Deemed to be University),9.4,5.9,56.7,11.5,5.1,3.4,6.7,26.8,8.8,,,,12821,215,1292,10,1282
2022,425,Silpakorn University,16.3,18.9,6,4.5,6.6,16,2.7,3.1,10.2,29.9,13.8,,24083,133,1132,42,1090
2022,425,South China Agricultural University,6.8,2.9,6,20.8,59.3,1.8,7.3,27.2,,,,,42716,113,2007,112,1895
2022,425,Southwestern University of Finance and Economics,7,3.6,14.5,3.9,41.2,22.2,10.3,27.6,6.5,43.8,34.9,,24337,636,1532,75,1457
2022,425,Taiyuan University of Technology,5.3,2.8,22.2,32.3,43.1,5.8,1.4,23.5,,,,,25645,369,1847,0,1847
2022,425,Telkom University,13.7,16.5,32.9,4.7,1.1,43.9,8.2,1,2.4,2.7,30.5,,21876,458,1794,153,1641
2022,425,Toyo University,16.4,6.2,3.9,3.6,3.2,51.1,28,4.7,2.2,25.2,60.4,60.4,31731,1989,1268,123,1145
2022,425,Universitas Sebelas Maret,19.2,15,15.2,7.2,1,33.8,3.6,1,2.8,6.5,11.1,,28644,231,1829,126,1703
2022,425,UNIVERSITI TEKNIKAL MALAYSIA MELAKA,11.5,12.6,17,21.8,1.4,10.5,26.1,2.1,18.5,4.8,5.3,,13092,774,866,22,844
2022,425,University of Calicut,7.2,4.5,9.1,45.7,17.9,3.9,96,2.3,96,2.3,,,2394,22,130,0,130
2022,425,University of Kerala,9.6,7.2,14.1,11.8,12.3,3.5,94,3.1,9,3.1,9,,7462,59,466,0,466
2022,425,University of Moratuwa,13.4,26.8,10.1,15.2,1.9,1.3,2.1,1.4,3.9,1.7,1.8,1.8,8016,29,450,1,449
2022,425,University of Shanghai for Science and Technology,8,4.2,11,25.1,22.2,34.1,8.3,2,19.1,5.4,51.5,,29817,632,1801,125,1676
2022,425,University of Sri Jayawardenapura,11.5,31,2.1,3.4,20.6,1.2,1.1,4.3,2.1,1.1,2.1,1.1,17051,13,811,0,811
2022,425,University of the Thai Chamber of Commerce (UTCC),6.6,14.5,2.3,1.5,12.3,32.6,45,1,1.1,97.4,40.9,40.9,18754,1745,598,40,558
2022,425,Yamagata University,8.2,5.5,23.3,36.4,16.7,9.8,20.5,9.8,,20.5,,,8828,218,646,0,646
2022,475,Abdul Wali Khan University Mardan,5.6,3.4,6.2,19.2,44.1,3.2,1.4,17.5,34.8,17.5,,34.8,10427,73,498,0,498
2022,475,Ahmedabad University,4.9,3,6.7,10,44.5,32.2,1.4,34.4,1.8,5.9,,5.9,3078,4,151,10,141
2022,475,Anhui University,6.1,3,10.9,31.8,38.4,6.7,2.9,11.2,2.9,11.2,,,23678,400,1360,0,1360
2022,475,Atma Jaya Catholic University of Indonesia,12,12.7,6.6,2.8,1.5,2.3,1.3,1,4.5,73,80.8,80.8,8967,10,436,2,434
2022,475,Banasthali Vidyapith,4.8,4.9,11.9,11.2,3.5,18.8,41.2,83,4.4,2.9,2.5,2.5,10325,891,611,26,585
2022,475,Bangalore University,9.2,14.5,31.6,13.7,3.7,3,6.3,11.6,6.3,11.6,,,4972,32,402,0,402
2022,475,Bangkok University,13.6,18.9,1.9,1.9,3.4,19.6,17.1,1,3.3,9.5,3.2,3.2,27926,1153,800,35,765
2022,475,Changwon National University,3.8,3.4,7.7,13.1,9.6,5,12.1,77.4,7.1,10.3,16.8,16.8,8288,252,501,6,495
2022,475,Chaoyang University of Technology,9.8,17.7,5.5,10,1.9,20.7,4.8,2.8,49.9,5.6,49.9,5.6,13028,636,595,0,595
2022,475,Dongseo University,5.4,3.6,6.3,3.8,7.5,70.9,35.5,1.2,71.9,61.1,71.9,61.1,10749,821,515,68,447
2022,475,East West University,13.5,25.4,2.8,3.7,6.9,1.6,1,5.2,,1.2,71.9,61.1,12467,435,,,
2022,475,Guangdong University of Foreign studies,5.8,3.2,32.5,4.3,11.8,30.9,13.3,1,3.1,24.6,90.4,,19749,652,1613,0,1613
2022,475,"Guru Nanak Dev University, Amristar",6.7,2.6,3.2,40.8,44.7,1.1,1.8,12.8,1.8,12.8,,,11269,3,416,0,416
2022,475,Hosei University,12.2,16.8,1.7,13.7,2.9,32.9,11.4,1,14.3,14.3,,,30578,880,551,38,513
2022,475,Hunan Normal University,7,2.3,7.1,11.5,63.1,3.6,4.2,1,10.1,4.7,,4.7,36815,362,1842,15,1827
2022,475,"Indian Institute of Information Technology, Allahabad",10,13.4,14,29,14.3,2.4,5.9,1.7,,,,,1816,27,144,1,143
2022,475,Iqra University,8.4,14.8,22.7,1.9,19.5,14.5,3.4,1,2.4,2.3,,,9314,72,676,23,653
2022,475,KALINGA INSTITUTE OF INDUSTRIAL TECHNOLOGY (KIIT) UNIVERSITY,5.4,2.8,29.2,6.5,4.3,24.1,30.2,14.7,8.4,59.8,18.2,18.2,25710,1740,2025,156,1869
2022,475,Keimyung University,6,5.1,10.7,8.3,29.3,49.1,31,5.5,4.4,8.3,4.4,8.3,22274,1522,1363,128,1235
2022,475,Khulna University of Engineering and Technology,13.8,18.8,15.7,12,1.3,1,1,3.7,1,3.7,,,5703,368,,,
2022,475,Kitasato University,4.7,3.8,52.9,16.1,11.6,2.7,1.4,11.5,,,,,8602,11,842,5,837
2022,475,Kunsan National University,4.3,1.9,9.7,14.1,10.8,3.1,19.3,92.9,3.9,9.4,8.5,8.5,7919,364,448,3,445
2022,475,Liaoning University,3.7,2.1,7.3,8.4,54.4,11.5,29.7,7.4,29.7,7.4,,,24000,692,1209,0,1209
2022,475,Mae Fah Luang University,8.4,8.8,6.6,7.5,6.7,78.6,19.5,1,11.3,10.1,16.8,16.8,14069,651,686,102,584
2022,475,Ming Chuan University,6.7,6.6,5.5,4.2,15.9,20.4,57.6,27.2,2.9,58.9,15.3,15.3,18255,2110,833,38,795
2022,475,National Chinyi University of Technology,7.7,19.4,8,10.4,2.5,5.4,15.6,41.3,3.1,9.9,1.2,,8780,334,456,6,450
2022,475,National Kaohsiung University of Science and Technology (NKUST),9.7,6.7,6.3,16.8,8.3,4.9,7.7,44.9,7.3,6.5,1.8,1.8,22883,449,1099,13,1086
2022,475,National Pingtung University of Science and Technology,5.5,1.5,40.8,6.6,19,3.9,22.4,1.2,7.9,10.7,3.6,3.6,9927,518,880,8,872
2022,475,National Taipei University of Education,5.5,4.4,11.5,3.8,12,8.8,20.7,72.4,1.2,9.5,18.9,18.9,5325,260,312,7,305
2022,475,Ochanomizu University,7.2,11.2,29.7,13.7,4.9,38.7,24.1,3.8,1.3,24.4,16.2,,2925,162,312,24,288
2022,475,SASTRA Deemed University,8.1,9.1,15.2,27.4,10.3,1.4,1.2,15.2,1.9,8.5,,,13199,17,844,0,844
2022,475,Saga University,9.6,4.7,20.8,34.8,12,19.6,,,,19.6,,,6669,471,,,
2022,475,"Sardar Patel University, Vallabh Vidyanagar",2.8,5.3,4.8,23.4,26.4,98.7,3.5,,98.7,3.5,,,3950,741,172,0,172
2022,475,Seoul National University of Education,12.2,4.9,48.3,1.4,4.8,2.4,3.5,4.5,,,3.5,4.5,3269,15,308,4,304
2022,475,Shih Chien University,6.9,6.3,5.6,2.8,10.7,23,25.9,5.8,1.2,97.8,75.3,4.5,11815,696,555,28,527
2022,475,Sri Krishnadevaraya University,3.1,4,2.7,21.3,27.6,86.9,3.8,,86.9,3.8,,,4045,140,,,
2022,475,Tottori University,5.2,3,37.3,32.6,5.8,28.4,,,86.9,3.8,,,6174,363,529,67,462
2022,475,United International University,14.3,26,4.5,5.5,2,2.5,1,3.9,2.5,3.9,,2.5,4632,23,204,0,204
2022,475,Universitas Islam Indonesia,22.3,9,2,6.2,1.1,10.5,1.6,1,2.1,5,7.5,7.5,27453,54,743,19,724
2022,475,Universitas Muhammadiyah Yogyakarta,13.5,4.4,4.1,2.5,1.2,95.3,4.1,1,2,30.4,34,34,20203,194,826,180,646
2022,475,University of Central Punjab,8.1,32.2,4.2,3.1,3.5,3.5,1,1,6.8,2,2,,16948,3,636,5,631
2022,475,"University of Kashmir, Srinagar",6.4,2.6,8.7,17.4,20.5,88.1,3.6,,88.1,3.6,,,8589,459,,,
2022,475,University of Kelaniya,11,21.8,12.6,2.6,8.7,13.1,1,8.1,1,8.1,,,16423,536,989,0,989
2022,475,"University of Malakand,Chakdara",5,4,6.1,18,50.6,3.9,1.3,14,1.1,2.7,1.1,2.7,7286,67,281,0,281
2022,475,University of Management and Technology,11.6,18.5,4.7,4.1,10,4.8,2.6,1,17,1.7,9,9,21961,113,949,11,938
2022,475,University of Sargodha,7.5,7.3,3.3,12,10.7,1.6,2.7,1,52.3,1.4,,1.4,21249,116,801,2,799
2022,475,Yanshan University,3.7,2.7,25.7,15.8,23.8,3.6,2.2,1,19.5,1.2,12.7,12.7,38605,150,2914,24,2890
2022,475,Youngsan University,12.1,21.1,20,2.1,2.1,10.4,24.5,2.2,1,2.1,2.9,1,6071,341,474,12,462
2022,475,Yunnan University,9.8,2.8,12.1,15.7,22.4,5,7.6,4.1,28.8,28.8,,,28661,549,1704,21,1683
2022,525,Acharya Nagarjuna University,4,2.4,6.9,43.2,2.4,27.8,32.8,39,4.7,4.7,4.1,4.1,5856,419,238,14,224
2022,525,Ahsanullah University of Science and Technology,8.5,17.4,9.2,3.9,15.2,1.1,1,2.8,1,2.8,,,7480,2,445,0,445
2022,525,Ateneo de Davao University,8.9,11.1,41.4,1.2,1,,,,,1,,,8127,723,,,
2022,525,Bharath Institute of Higher Education and Research,1.6,74.6,4.1,3,4.4,4.5,1,2,4.7,7.7,4.7,7.7,9858,107,1142,12,1130
2022,525,Can Tho University,12.8,10.9,2,3.5,8.3,5.5,1.4,1,16.9,10.3,6.4,,40519,59,1187,16,1171
2022,525,Central University of Finance and Economics,6.5,4.3,26.1,4.9,24.9,1,2.2,,,,,,12560,298,953,0,953
2022,525,Chang'an University,4.2,2.4,18.1,19.3,8.7,11.3,25.7,17.1,9.6,29.6,9.6,29.6,32955,940,2224,46,2178
2022,525,Chung Hua University (CHU),7.3,6.1,10.2,9.7,4.8,9.5,36.6,29.5,2.2,11.8,1.8,1.8,4602,360,259,6,253
2022,525,Communication University of China,10.1,4.4,39.9,7.4,1.1,21.6,1,3.5,,,,,11704,591,1027,0,1027
2022,525,"Dhaka University of Engineering and Technology, Gazipur",5.1,8.3,35.8,4.5,24.7,1.2,1,1.7,1,1.7,,,3056,2,258,0,258
2022,525,Dong-A University,6.5,7.6,7.9,8.7,21.5,8.5,9.7,4.2,10.1,27.1,,,24607,607,1274,27,1247
2022,525,GITAM University,4.7,4,46.9,6.2,2.5,17.6,3,1,4,1.8,1,1,20318,132,1565,63,1502
2022,525,Gakushuin University,6.1,7.1,15.3,4.9,32.2,7.1,7,3,,3,,,9651,172,537,9,528
2022,525,"Gauhati University, Guwahati",3.7,2.4,18,17.6,5.6,1.6,91,3.4,91,3.4,,,5740,12,387,0,387
2022,525,Goa University,4.7,2.7,28.1,27,5.9,4,23.6,7.4,4.4,4.4,4.4,4.4,2135,20,166,1,165
2022,525,Government College Women University Faisalabad,2,1.4,1.3,3.3,69.3,1.5,1,2.2,1,2.2,,,14633,334,,,
2022,525,HanDong Global University,6.4,9.2,4.8,6,7.3,57,16.9,1.4,28.3,56.4,28.3,56.4,4403,180,240,26,214
2022,525,Indian Institute of Information Technology Design and Manufacturing Kancheepuram,2.4,2.5,3,43,1.3,9.9,100,1.1,100,1.1,,,1481,37,54,0,54
2022,525,Inner Mongolia University,5.5,1.7,31.2,7,33.6,12.8,1,3.7,1,3.7,,,21646,692,1744,0,1744
2022,525,Jain (Deemed to be University),2.8,5.3,11,9.5,51.8,1,7.3,,1,7.3,,,10590,248,610,2,608
2022,525,Kanagawa University,5.2,2,5.6,7.9,26.6,43.2,14.4,2.1,13,9.2,10.2,10.2,17891,635,820,69,751
2022,525,Kyoto Sangyo University,9.6,5.7,1.3,11.4,23.9,64.3,5.8,6.4,,6.4,,,13729,198,311,38,273
2022,525,Malaysia University of Science and Technology (MUST),10.5,4,2.5,5.5,92.7,100,1.6,1,4.7,1,4.7,,1327,608,41,8,33
2022,525,Map?a University,9.4,14.3,5.7,12.5,1.4,4.6,5.2,1,1.9,16.8,23.1,23.1,6047,77,270,3,267
2022,525,Mie University,9.1,4.3,25.3,32.2,8.1,8.5,4.3,,,,,,7225,155,543,0,543
2022,525,Mokpo National University,4.7,2.2,16.4,10.1,39.5,1.9,13.3,4,1.4,5.2,1.4,5.2,8007,265,524,2,522
2022,525,National United University,2,7.3,15.4,50.9,2.4,4.4,24.7,3.4,1.5,1.4,1.5,1.4,7150,75,360,2,358
2022,525,Riphah International University,6.7,16.8,7.3,4.4,13.7,1.2,2.7,1,15.8,1.2,,1.2,20315,113,1004,1,1003
2022,525,Sangmyung University,3.7,3.2,7.5,11.6,7.8,6.4,97.5,1.5,29,90,29,90,7751,2260,394,6,388
2022,525,Sichuan Agricultural University,5.8,2.7,29.5,8.3,15.8,19.3,,,,,,,38411,2,3037,4,3033
2022,525,Silliman University,11.2,8.9,34.2,1.3,2.9,9.8,1,1,1.4,1.1,1.4,1.1,5834,145,485,3,482
2022,525,Sun Moon University,3,2.3,9.5,7.5,8.4,17.6,66.8,1.7,3.5,99.2,3.5,99.2,9546,1273,525,21,504
2022,525,The Hang Seng University of Hong Kong,2.7,7.1,5.9,10.1,14,26.7,3.4,21.3,6.8,20.1,29.2,29.2,4879,37,228,13,215
2022,525,"The Islamia University of Bahawalpur,Pakistan",10.2,9,3.1,14.6,19.4,15.5,,,,15.5,,,,,,,
2022,525,Udayana University,12.2,7.2,19.3,2.5,1.1,9.8,36,1,1.7,32.3,6,6,26799,2371,1847,44,1803
2022,525,Universitas Pendidikan Indonesia,17.7,5.5,5.6,5.2,1,12.3,3.3,1,3.7,6.4,10.4,,33031,242,1522,45,1477
2022,525,Universitas Sumatera Utara,13.7,8.7,21.1,5.1,1,6.3,7.9,1,3.1,3.2,3,,38398,774,2720,42,2678
2022,525,Universiti Sains Islam Malaysia,10.5,6,14.1,6.9,1.3,32.2,30.1,14.6,4.2,10.2,8.8,8.8,11595,773,724,48,676
2022,525,Universiti Sultan Zainal Abidin,11.1,3.6,9.7,12.1,1.6,33.2,43.6,3.7,10.1,4.9,3.9,3.9,11707,1060,647,44,603
2022,525,University of Da Nang,9.1,12.8,3.6,2.6,9,7.8,7.6,1,15.8,6.5,4.9,4.9,41415,800,1608,31,1577
2022,525,University of Fukui,6,1.7,40.8,38.5,2.6,9.3,1,,,9.3,,,4937,437,,,
2022,525,Utsunomiya University,4.2,1.2,40.3,23.1,1.3,27,15.1,4.7,5.7,18.7,8.9,8.9,4938,183,435,25,410
2022,525,Wonkwang University,4.3,4.1,26,7.1,23.2,5.4,6.6,16.3,4.7,16.3,5.8,5.8,16809,279,1274,17,1257
2022,525,Xinjiang University,7.3,4,14,13.3,24,11.5,1,8.5,1,8.5,,,26983,782,1678,0,1678
2022,525,Universitas Negeri Yogyakarta,15.7,5.8,8.8,3.4,1.1,43.6,6,1,7,4.1,16.2,1,24888,376,1352,120,1232
2022,525,Ziauddin University,3.7,5.2,36.6,2.7,22.5,2.2,3.4,1,1.1,17.1,,17.1,4127,31,470,2,468
2022,575,Arid Agriculture University,5,8.8,1.2,26.5,14.3,8.4,,,,,,,12023,249,,,
2022,575,Burapha University,11.3,8.8,4.7,2.8,3.1,7.6,4.4,1.4,4.5,4.9,2.6,2.6,38224,400,1649,31,1618
2022,575,Dalian Maritime University,4.2,2.2,15.2,21.6,6,7.1,5.6,3,15.1,1.9,2.1,2.1,23270,321,1488,26,1462
2022,575,Delhi Technological University,5,6.4,7.4,34.7,9.7,9.7,2.7,,,2.7,,,8052,197,468,0,468
2022,575,Doshisha Women's College of Liberal Arts,4.4,7,1.2,3.3,34.3,31.5,1.2,1.2,,,,,6506,5,132,9,123
2022,575,Forman Christian College (A Chartered University),5.7,6.6,9.6,5.4,13.2,21.3,1.3,2.1,4.4,5.8,,5.8,4978,5,275,13,262
2022,575,Fukushima University,5.7,2.8,3.1,20.9,17.2,7.8,10.9,7.8,,10.9,,,4426,87,162,0,162
2022,575,Government College Women University Sialkot,1.5,2.4,1.6,6,57.3,1,1.6,,,1.6,,,7383,194,,,
2022,575,Guizhou University,4.1,2.7,13.4,12.2,6.9,42.6,3.9,1,27.1,27.1,,,37410,344,2298,191,2107
2022,575,Hanoi National University of Education,6.7,8.2,18.2,3.2,6.6,2.4,4,1.1,4.7,4.4,2,2,15402,142,1042,5,1037
2022,575,Hansung University Seoul,10.2,4.4,11.6,3.2,1.3,12.8,13.2,1.1,7.6,35.8,7.6,35.8,7373,241,432,13,419
2022,575,"Hazara University, Pakistan",3.1,7.8,2,21.3,25.1,2.1,1.1,13.9,1.1,2.6,1.1,2.6,9796,36,287,0,287
2022,575,Hebei University of Technology,3.9,3.6,11.5,30.8,13.2,11.2,2,7,12,12,,,22700,71,1327,36,1291
2022,575,Hirosaki University,5.9,3.5,22.5,12.2,14.2,7,,,,7,,,6770,,,,
2022,575,Iwate University,5.9,3.4,9.2,37.5,3.5,15.6,,,,15.6,,,5382,293,,,
2022,575,Japan Women's University,11,4.1,28.8,3.1,2.4,4.9,1.1,,,1.1,,,6557,514,,,
2022,575,"Jawaharlal Nehru Technological University Anantapur, Ananthapuramu",6.7,9.4,11.3,34.7,1.6,3.1,1,7.7,6.3,7.7,,6.3,5489,37,317,0,317
2022,575,Josai International University,6.9,3.3,3.2,3.4,13,31.1,83.3,1.5,,1.5,,,5974,1034,239,15,224
2022,575,Kansai Gaidai University,3.3,3.4,55.7,1.2,31.7,1.2,31.7,,,,,,10554,1055,,,
2022,575,"Kavayitri Bahinabai Chaudhari North Maharashtra University, Jalgaon",1.9,2.4,3.6,31.8,23.3,54.8,1.1,,54.8,1.1,,,2868,111,,,
2022,575,Kogakuin University of Technology and Engineering,2.1,2.5,10.5,17.9,11,19.9,3.8,26.6,3.3,6,9.1,9.1,6295,56,358,16,342
2022,575,Korea National University of Education,12.5,3.2,17.7,3.2,1.4,1.5,1.2,1,2.5,1.3,,,6236,4,418,1,417
2022,575,Kumaun University,2.4,2.4,1.3,11.1,12.5,94.9,2.9,,94.9,2.9,,,11314,255,,,
2022,575,"Kuvempu University, Shankaraghatta",1.7,4,9.7,6.1,42.6,1,2,,1,2,,,10530,583,,,
2022,575,Lovely Professional University (LPU),4.5,5.6,15.4,6.1,3.9,1,24.6,1,20.9,1.6,,1.6,32970,1857,2113,1,2112
2022,575,Maharishi Markandeshwar (Deemed to be University),3.2,34.3,4.9,5.5,1.3,46.8,1,2.2,2.3,1.2,2.3,1.2,8430,813,701,1,700
2022,575,Mahasarakham University,10.4,5.7,2.5,3.7,2.6,19.7,2.5,3.4,12.5,2.8,17.1,17.1,41125,202,1374,61,1313
2022,575,Mindanao State University - Iligan Institute of Technology,12.8,7,16.5,3.2,1.2,1.3,1,1,4,1.3,1.2,1.2,8002,1,525,1,524
2022,575,Nanhua University,1.8,48.8,1.8,3.9,5.1,36.6,1,36.5,4,,36.5,4,5143,403,487,6,481
2022,575,National Textile University Faisalabad,4.4,9.7,6,17.2,17.6,7.5,4.6,1,6.5,6.5,,,3432,38,162,3,159
2022,575,Northeast Forestry University,2.6,1.7,14.3,25.5,27.7,1.9,8.2,,,,,,18933,1186,,,
2022,575,PaiChai University,2.9,2.4,11.3,2.8,2.3,21,34.4,2.2,27.5,57.8,27.5,57.8,9088,676,529,25,504
2022,575,Saurashtra University,2.8,2.4,11.2,19.5,4,2.4,79.7,1.1,79.7,1.1,,,2486,11,144,0,144
2022,575,Shandong Agricultural University,3,2.4,27.2,8.3,27,5.8,,,,,,,31097,2391,,,
2022,575,Silla University,2.3,2.2,4.4,5.7,7,27.1,37.5,1.1,39.5,67.2,39.5,67.2,9464,757,398,23,375
2022,575,Sojo University,2.5,21,9.1,6.9,43.9,8.7,1,2.3,6.7,76.9,6.7,76.9,3778,83,273,23,250
2022,575,Sukkur IBA University,4.5,6.7,10.3,7.1,21.8,1.4,1,6.3,14.3,14.9,14.3,14.9,5652,8,274,0,274
2022,575,Sunchon National University,4.1,1.7,10.2,18,23.6,1.4,6.9,4.2,2.5,27.5,2.5,27.5,7770,136,501,1,500
2022,575,Tokyo City University,8.5,8.9,4.3,16.6,1.4,27.5,5.4,16.5,8.1,2.7,1.1,1.1,7466,99,394,23,371
2022,575,Tokyo Denki University,6.1,8.1,10.4,12.6,1.2,35,9.5,,,9.5,,,9889,560,,,
2022,575,Universitas Andalas,14.7,7.1,6.2,5,1.1,1.8,1.9,1,2,2.7,1.8,,28613,85,1364,4,1360
2022,575,Universiti Malaysia Kelantan,7.5,3.8,4.6,10,2.4,30.1,6.5,21.6,8.6,2.8,5.1,5.1,7719,126,398,25,373
2022,575,"University of Economics Ho Chi Minh City, Viet Nam",4.2,13,1.9,1.9,27,32.5,1.7,1,1.6,1.9,7.3,,23377,52,679,45,634
2022,575,University of Jammu,5.5,3.5,13.9,20.7,43.6,2.4,,,43.6,2.4,,,8485,326,,,
2022,575,University of Sindh Jamshoro,5.5,3.4,1,6.5,35.8,1.3,1,5.6,1.3,1.7,1.3,1.7,39089,43,662,0,662
2022,575,University of Suwon,2.9,2.9,19.6,4,4.9,69.9,11.2,1.5,20,21.9,20,21.9,10378,294,719,94,625
2022,575,"University of Veterinary and Animal Sciences, Lahore, Pakistan",8.8,10.5,7.1,21.1,3.5,9.6,2.2,2.6,6.7,2,8.6,,6796,26,340,8,332
2022,575,Walailak University,8.2,1.1,28.4,4.1,4,29.9,2.4,5.2,6.8,8.5,9.7,9.7,8211,38,641,40,601
2022,575,Xi'an University of Architecture and Technology (XAUAT),4.9,3.7,27.4,14.4,6.7,2.9,1.6,1,10.6,3.3,3.4,3.4,25208,48,1944,12,1932
2022,575,Yanbian University,4.8,1.9,14.3,6,34.2,8.1,1.1,1.9,1.1,1.9,,,20148,416,1261,0,1261
2022,575,American International University-Bangladesh (AIUB),5,9.6,2.8,6.2,2,17.4,1.2,1,3.1,1.2,3.6,3.6,10738,7,376,15,361
