    5Lambda,test1
400,0.406872802
400.5,0.405927063
401,0.405000578
401.5,0.404093712
402,0.40320679
402.5,0.402340099
403,0.401493892
403.5,0.400668382
404,0.399863754
404.5,0.399080155
405,0.398317704
405.5,0.397576488
406,0.396856563
406.5,0.39615796
407,0.395480679
407.5,0.394824697
408,0.394189964
408.5,0.393576406
409,0.392983926
409.5,0.392412404
410,0.391861699
410.5,0.391331649
411,0.390822074
411.5,0.390332773
412,0.389863528
412.5,0.389414105
413,0.388984253
413.5,0.388573704
414,0.388182177
414.5,0.387809378
415,0.387454997
415.5,0.387118714
416,0.386800196
416.5,0.386499099
417,0.386215069
417.5,0.385947743
418,0.385696746
418.5,0.385461697
419,0.385242208
419.5,0.385037881
420,0.384848312
420.5,0.384673093
421,0.384511808
421.5,0.384364037
422,0.384229355
422.5,0.384107332
423,0.383997538
423.5,0.383899535
424,0.383812886
424.5,0.383737151
425,0.383671887
425.5,0.383616651
426,0.383570998
426.5,0.383534485
427,0.383506665
427.5,0.383487094
428,0.383475328
428.5,0.383470923
429,0.383473438
429.5,0.383482433
430,0.383497468
430.5,0.383518109
431,0.383543921
431.5,0.383574473
432,0.383609338
432.5,0.383648092
433,0.383690314
433.5,0.383735586
434,0.383783496
434.5,0.383833636
435,0.383885602
435.5,0.383938993
436,0.383993417
436.5,0.384048484
437,0.384103809
437.5,0.384159014
438,0.384213727
438.5,0.384267581
439,0.384320214
439.5,0.384371271
440,0.384420403
440.5,0.384467269
441,0.384511531
441.5,0.384552861
442,0.384590934
442.5,0.384625437
443,0.384656058
443.5,0.384682496
444,0.384704455
444.5,0.384721648
445,0.384733792
445.5,0.384740615
446,0.384741849
446.5,0.384737235
447,0.384726521
447.5,0.384709462
448,0.384685821
448.5,0.384655369
449,0.384617883
449.5,0.384573148
450,0.384520956
450.5,0.384461109
451,0.384393413
451.5,0.384317683
452,0.384233742
452.5,0.38414142
453,0.384040555
453.5,0.383930991
454,0.383812581
454.5,0.383685184
455,0.383548668
455.5,0.383402906
456,0.383247782
456.5,0.383083183
457,0.382909005
457.5,0.382725153
458,0.382531535
458.5,0.382328071
459,0.382114684
459.5,0.381891306
460,0.381657874
460.5,0.381414335
461,0.381160639
461.5,0.380896746
462,0.38062262
462.5,0.380338234
463,0.380043565
463.5,0.379738598
464,0.379423324
464.5,0.37909774
465,0.378761849
465.5,0.378415661
466,0.378059191
466.5,0.377692459
467,0.377315494
467.5,0.376928328
468,0.376530999
468.5,0.376123552
469,0.375706035
469.5,0.375278503
470,0.374841017
470.5,0.374393641
471,0.373936447
471.5,0.373469508
472,0.372992906
472.5,0.372506725
473,0.372011054
473.5,0.371505988
474,0.370991626
474.5,0.37046807
475,0.369935427
475.5,0.36939381
476,0.368843334
476.5,0.368284118
477,0.367716286
477.5,0.367139964
478,0.366555285
478.5,0.365962381
479,0.365361392
479.5,0.364752458
480,0.364135724
480.5,0.363511337
481,0.362879449
481.5,0.362240213
482,0.361593786
482.5,0.360940327
483,0.360279998
483.5,0.359612964
484,0.358939392
484.5,0.358259451
485,0.357573313
485.5,0.356881152
486,0.356183144
486.5,0.355479468
487,0.354770302
487.5,0.354055829
488,0.353336231
488.5,0.352611695
489,0.351882406
489.5,0.351148553
490,0.350410325
490.5,0.349667912
491,0.348921507
491.5,0.348171301
492,0.34741749
492.5,0.346660267
493,0.345899828
493.5,0.345136369
494,0.344370088
494.5,0.343601182
495,0.342829849
495.5,0.342056288
496,0.341280697
496.5,0.340503275
497,0.339724222
497.5,0.338943737
498,0.33816202
498.5,0.33737927
499,0.336595686
499.5,0.335811467
500,0.335026813
500.5,0.334241923
501,0.333456993
501.5,0.332672223
502,0.33188781
502.5,0.33110395
503,0.33032084
503.5,0.329538675
504,0.32875765
504.5,0.327977959
505,0.327199795
505.5,0.326423351
506,0.325648818
506.5,0.324876386
507,0.324106245
507.5,0.323338583
508,0.322573586
508.5,0.321811441
509,0.321052333
509.5,0.320296444
510,0.319543957
510.5,0.318795053
511,0.318049911
511.5,0.317308708
512,0.316571621
512.5,0.315838825
513,0.315110493
513.5,0.314386797
514,0.313667908
514.5,0.312953993
515,0.312245219
515.5,0.311541752
516,0.310843755
516.5,0.310151389
517,0.309464815
517.5,0.308784191
518,0.308109672
518.5,0.307441414
519,0.306779568
519.5,0.306124286
520,0.305475716
520.5,0.304834005
521,0.304199298
521.5,0.303571738
522,0.302951466
522.5,0.302338621
523,0.30173334
523.5,0.301135759
524,0.30054601
524.5,0.299964224
525,0.29939053
525.5,0.298825056
526,0.298267927
526.5,0.297719265
527,0.297179191
527.5,0.296647825
528,0.296125283
528.5,0.295611681
529,0.29510713
529.5,0.294611741
530,0.294125624
530.5,0.293648885
531,0.293181629
531.5,0.292723959
532,0.292275974
532.5,0.291837774
533,0.291409456
533.5,0.290991114
534,0.29058284
534.5,0.290184725
535,0.289796859
535.5,0.289419327
536,0.289052214
536.5,0.288695604
537,0.288349577
537.5,0.288014213
538,0.287689587
538.5,0.287375776
539,0.287072853
539.5,0.286780889
540,0.286499954
540.5,0.286230116
541,0.28597144
541.5,0.285723991
542,0.285487831
542.5,0.285263021
543,0.285049619
543.5,0.284847683
544,0.284657268
544.5,0.284478427
545,0.284311213
545.5,0.284155676
546,0.284011865
546.5,0.283879826
547,0.283759605
547.5,0.283651246
548,0.283554791
548.5,0.283470281
549,0.283397755
549.5,0.28333725
550,0.283228217
550.5,0.283216144
551,0.283216259
551.5,0.283228589
552,0.283253162
552.5,0.283290006
553,0.283339143
553.5,0.283400598
554,0.283474392
554.5,0.283560547
555,0.283659082
555.5,0.283770014
556,0.28389336
556.5,0.284029137
557,0.284177359
557.5,0.284338038
558,0.284511188
558.5,0.284696817
559,0.284894937
559.5,0.285105555
560,0.285328679
560.5,0.285564315
561,0.285812468
561.5,0.286073142
562,0.28634634
562.5,0.286632063
563,0.286930313
563.5,0.287241088
564,0.287564387
564.5,0.287900208
565,0.288248547
565.5,0.2886094
566,0.288982761
566.5,0.289368623
567,0.289766978
567.5,0.290177818
568,0.290601134
568.5,0.291036914
569,0.291485147
569.5,0.29194582
570,0.292418919
570.5,0.292904431
571,0.293402338
571.5,0.293912625
572,0.294435273
572.5,0.294970265
573,0.295517579
573.5,0.296077197
574,0.296649096
574.5,0.297233253
575,0.297829645
575.5,0.298438247
576,0.299059033
576.5,0.299691976
577,0.300337049
577.5,0.300994223
578,0.301663467
578.5,0.302344751
579,0.303038042
579.5,0.303743308
580,0.304460514
580.5,0.305189624
581,0.305930602
581.5,0.30668341
582,0.30744801
582.5,0.30822436
583,0.30901242
583.5,0.309812148
584,0.310623498
584.5,0.311446427
585,0.312280888
585.5,0.313126834
586,0.313984214
586.5,0.31485298
587,0.315733079
587.5,0.316624458
588,0.317527063
588.5,0.318440838
589,0.319365726
589.5,0.320301667
590,0.321248601
590.5,0.322206466
591,0.323175198
591.5,0.324154734
592,0.325145004
592.5,0.326145942
593,0.327157478
593.5,0.328179538
594,0.32921205
594.5,0.330254938
595,0.331308126
595.5,0.332371533
596,0.33344508
596.5,0.334528682
597,0.335622257
597.5,0.336725716
598,0.337838971
598.5,0.338961932
599,0.340094505
599.5,0.341236595
600,0.342388106
600.5,0.343548938
601,0.344718989
601.5,0.345898157
602,0.347086334
602.5,0.348283414
603,0.349489284
603.5,0.350703832
604,0.351926943
604.5,0.353158499
605,0.354398379
605.5,0.355646461
606,0.35690262
606.5,0.358166727
607,0.359438652
607.5,0.360718263
608,0.362005422
608.5,0.363299992
609,0.364601832
609.5,0.365910798
610,0.367226743
610.5,0.368549518
611,0.369878971
611.5,0.371214946
612,0.372557285
612.5,0.373905829
613,0.375260413
613.5,0.37662087
614,0.377987032
614.5,0.379358726
615,0.380735775
615.5,0.382118003
616,0.383505227
616.5,0.384897263
617,0.386293924
617.5,0.38769502
618,0.389100356
618.5,0.390509736
619,0.391922962
619.5,0.39333983
620,0.394760136
620.5,0.396183669
621,0.39761022
621.5,0.399039573
622,0.400471512
622.5,0.401905814
623,0.403342258
623.5,0.404780617
624,0.406220661
624.5,0.407662159
625,0.409104875
625.5,0.410548572
626,0.41199301
626.5,0.413437943
627,0.414883128
627.5,0.416328315
628,0.417773253
628.5,0.419217688
629,0.420661364
629.5,0.422104022
630,0.4235454
630.5,0.424985237
631,0.426423265
631.5,0.427859217
632,0.429292824
632.5,0.430723813
633,0.43215191
633.5,0.433576841
634,0.434998328
634.5,0.436416091
635,0.437829852
635.5,0.439239328
636,0.440644236
636.5,0.442044292
637,0.443439211
637.5,0.444828708
638,0.446212496
638.5,0.447590288
639,0.448961796
639.5,0.450326732
640,0.45168481
640.5,0.453035741
641,0.454379237
641.5,0.455715013
642,0.457042781
642.5,0.458362257
643,0.459673157
643.5,0.460975197
644,0.462268096
644.5,0.463551574
645,0.464825355
645.5,0.466089162
646,0.467342724
646.5,0.468585769
647,0.469818031
647.5,0.471039248
648,0.472249157
648.5,0.473447505
649,0.474634038
649.5,0.475808511
650,0.47697068
650.5,0.478120308
651,0.479257165
651.5,0.480381024
652,0.481491667
652.5,0.48258888
653,0.48367246
653.5,0.484742207
654,0.485797932
654.5,0.486839453
655,0.487866597
655.5,0.4888792
656,0.489877109
656.5,0.490860179
657,0.491828277
657.5,0.492781282
658,0.493719081
658.5,0.494641577
659,0.495548684
659.5,0.496440329
660,0.497316453
660.5,0.498177012
661,0.499021976
661.5,0.499851332
662,0.500665081
662.5,0.501463241
663,0.50224585
663.5,0.503012961
664,0.503764647
664.5,0.504501001
665,0.505222136
665.5,0.505928184
666,0.506619301
666.5,0.507295664
667,0.507957474
667.5,0.508604954
668,0.509238354
668.5,0.509857948
669,0.510464037
669.5,0.51105695
670,0.511637041
670.5,0.512204697
671,0.512760332
671.5,0.513304392
672,0.513837354
672.5,0.514359728
673,0.514872059
673.5,0.515374925
674,0.51586894
674.5,0.516354755
675,0.51683306
675.5,0.517304581
676,0.517770087
676.5,0.518230386
677,0.51868633
677.5,0.519138814
678,0.519588776
678.5,0.520037203
679,0.520485127
679.5,0.520933628
680,0.521383837
680.5,0.521836935
681,0.522294157
681.5,0.522756789
682,0.523226174
682.5,0.523703711
683,0.524190857
683.5,0.524689128
684,0.525200101
684.5,0.525725416
685,0.526266776
685.5,0.52682595
686,0.527404772
686.5,0.528005149
687,0.528629054
687.5,0.529278535
688,0.529955711
688.5,0.530662779
689,0.531402011
689.5,0.53217576
690,0.532986458
690.5,0.53383662
691,0.534728847
691.5,0.535665824
692,0.536650327
692.5,0.53768522
693,0.53877346
693.5,0.539918099
694,0.541122285
694.5,0.542389265
695,0.543722386
695.5,0.545125098
696,0.546600957
696.5,0.548153624
697,0.549786872
697.5,0.551504585
698,0.553310761
698.5,0.555209515
699,0.55720508
699.5,0.559301812
700,0.561504189
